round_index,mean_revenue,mean_payout,mean_burn,mean_treasury_cost,mean_carry,mean_margin_ex_burn,scenario
1,22311.991812400986,5396.526747359673,6062.398362480198,8000.0,18853.06670256112,14311.991812400987,baseline
2,22306.28138160432,8130.138567620514,4461.256276320864,0.0,28567.95324022406,22306.28138160432,baseline
3,22320.098372164717,11870.39247110838,6064.019674432944,8000.0,40953.63946684746,14320.098372164719,baseline
4,22324.07134620132,13076.24595361121,4464.8142692402635,0.0,45736.6505901973,22324.07134620132,baseline
5,22302.43671975142,15785.102690360149,6060.4873439502835,8000.0,54193.497275638285,14302.436719751418,baseline
6,22310.698398187906,16238.620210522164,4462.139679637581,0.0,55803.43578366644,22310.698398187906,baseline
7,22321.60701315986,18293.640976941744,6064.321402631973,8000.0,61767.08041725258,14321.607013159863,baseline
8,22305.87197861134,19161.915566159765,6061.174395722268,8000.0,66849.86243398189,14305.87197861134,baseline
9,22318.279857065227,19035.60687281593,4463.655971413045,0.0,65668.87944681814,22318.279857065227,baseline
10,22319.766655564777,20360.174018463655,6063.953331112956,8000.0,69564.51875280631,14319.76665556478,baseline
11,22318.79150144083,19942.653190611032,4463.758300288166,0.0,67476.89876334794,22318.79150144083,baseline
12,22307.38099149464,20317.22971708714,6061.4761982989285,8000.0,71405.57383945651,14307.380991494641,baseline
13,22320.72583074521,19974.356577500905,4464.145166149042,0.0,69287.79792655178,22320.72583074521,baseline
14,22310.5867882412,21105.446656238466,6062.117357648241,8000.0,72430.82070090628,14310.586788241202,baseline
15,22311.979517613203,21644.244826641207,6062.395903522642,8000.0,75036.15948835562,14311.979517613205,baseline
16,22291.899992101462,20683.45813950286,4458.379998420292,0.0,72186.22134253393,22291.899992101462,baseline
17,22307.74147503328,21780.093992848124,6061.548295006656,8000.0,74652.32052971244,14307.741475033281,baseline
18,22306.975147513123,21031.09358880409,4461.395029502624,0.0,71466.80705891883,22306.975147513123,baseline
19,22291.084884340347,21521.592942475476,6058.21697686807,8000.0,74178.08202391563,14291.084884340347,baseline
20,22316.223629041207,20439.128992981405,4463.244725808241,0.0,71591.93193416721,22316.223629041207,baseline
21,22315.40738811064,21668.01437031197,6063.081477622129,8000.0,74176.24347434375,14315.407388110641,baseline
22,22317.400431055245,21978.954878054217,6063.480086211049,8000.0,76451.20894113372,14317.400431055245,baseline
23,22323.193748123394,20893.996037714584,4464.63874962468,0.0,73415.76790191786,22323.193748123394,baseline
24,22300.874876285936,22003.072787543086,6060.174975257188,8000.0,75653.39501540353,14300.874876285938,baseline
25,22305.022006653966,21049.639516428786,4461.0044013307925,0.0,72447.7731042979,22305.022006653966,baseline
26,22309.49230043191,21799.86142350886,6061.898460086383,8000.0,74895.50552113458,14309.492300431913,baseline
27,22302.74518827261,20561.899754141705,4460.549037654523,0.0,72175.80191761095,22302.74518827261,baseline
28,22290.77719553203,21573.075650441308,6058.155439106406,8000.0,74835.34802359527,14290.777195532031,baseline
29,22316.273544043688,22166.42853742174,6063.2547088087385,8000.0,76921.93832140848,14316.273544043692,baseline
30,22305.815691071482,21601.648996294247,4461.163138214298,0.0,73164.94187797143,22305.815691071482,baseline
31,22299.636512422152,22097.83218335545,6059.9273024844315,8000.0,75306.8189045537,14299.636512422154,baseline
32,22325.62243095781,20696.30875708625,4465.124486191561,0.0,72471.00809223371,22325.62243095781,baseline
33,22314.171899488018,21868.07421118907,6062.834379897604,8000.0,74854.27140063504,14314.171899488018,baseline
34,22297.731612187257,20720.759324232942,4459.546322437452,0.0,71971.6973661519,22297.731612187257,baseline
35,22312.30234881552,21669.535024118566,6062.460469763104,8000.0,74552.00422108575,14312.30234881552,baseline
36,22311.55390934142,21884.157976873503,6062.310781868284,8000.0,76917.08937168539,14311.553909341419,baseline
37,22311.39227432549,21161.658440506566,4462.278454865098,0.0,73604.5447506392,22311.39227432549,baseline
38,22310.150462517875,22136.335588577324,6062.030092503575,8000.0,75716.32953207618,14310.150462517879,baseline
39,22307.373557874158,21015.954303345792,4461.474711574832,0.0,72546.27407502971,22307.373557874158,baseline
40,22303.295446261778,21660.932381936967,6060.659089252356,8000.0,75127.97805010217,14303.29544626178,baseline
41,22298.687315457322,20798.096310300338,4459.737463091465,0.0,72168.83159216768,22298.687315457322,baseline
42,22298.907656219402,21223.293236635018,6059.781531243881,8000.0,75184.66448050819,14298.9076562194,baseline
43,22296.66530365342,22443.71743542692,6059.333060730684,8000.0,76978.279288004,14296.665303653419,baseline
44,22315.979862593264,20888.510031935937,4463.1959725186525,0.0,73942.55314614267,22315.979862593264,baseline
45,22311.991835920555,22459.26128897259,6062.398367184111,8000.0,75732.88532590654,14311.991835920553,baseline
46,22309.34275577516,21099.1695325698,4461.868551155033,0.0,72481.18999795686,22309.34275577516,baseline
47,22314.27238204244,21686.597512716526,6062.854476408489,8000.0,75046.01039087427,14314.272382042443,baseline
48,22318.730990420034,20831.019625627647,4463.746198084006,0.0,72069.97555758266,22318.730990420034,baseline
49,22308.366772453246,21400.170541265416,6061.673354490649,8000.0,74916.49843427984,14308.366772453244,baseline
50,22297.151453417064,22619.015123060868,6059.430290683413,8000.0,76535.20447395262,14297.151453417062,baseline
51,22315.1728646452,21219.710969528318,4463.034572929039,0.0,73167.63179614046,22315.1728646452,baseline
52,22323.209195676838,21407.47514397242,6064.641839135367,8000.0,76018.72400870953,14323.209195676834,baseline
53,22317.453416369935,21333.693239321303,4463.490683273987,0.0,72538.99350248415,22317.453416369935,baseline
54,22298.047818793177,21577.43296708963,6059.609563758636,8000.0,75199.99879042908,14298.04781879318,baseline
55,22318.992737718527,21039.724346909272,4463.798547543705,0.0,72015.46863369462,22318.992737718527,baseline
56,22303.41063970665,21355.731520384477,6060.682127941331,8000.0,74902.46562507546,14303.410639706652,baseline
57,22306.124282642373,22229.946876725127,6061.224856528475,8000.0,76917.41817446424,14306.124282642373,baseline
58,22304.856469991144,20871.280742407183,4460.971293998229,0.0,73890.02260804996,22304.856469991144,baseline
59,22309.164268935052,22081.736517449626,6061.83285378701,8000.0,76055.61750574838,14309.16426893505,baseline
60,22298.25770670584,21275.169544357785,4459.651541341169,0.0,72619.05412675526,22298.25770670584,baseline
61,22300.58746841948,21924.340976777334,6060.117493683896,8000.0,74935.18312471351,14300.587468419477,baseline
62,22311.70346207356,20344.880729087297,4462.340692414713,0.0,72439.66516528507,22311.70346207356,baseline
63,22301.62017594693,21583.31544584295,6060.3240351893855,8000.0,75097.64586019966,14301.620175946926,baseline
64,22294.55695099893,22072.179758511178,6058.911390199786,8000.0,77261.11166248763,14294.556950998927,baseline
65,22317.720892578316,21547.606592375083,4463.544178515664,0.0,73567.68178417519,22317.720892578316,baseline
66,22307.931675759897,21906.547186908865,6061.586335151979,8000.0,75907.47993787425,14307.931675759899,baseline
67,22297.722168374792,20655.877346402136,4459.544433674959,0.0,73089.78032617194,22297.722168374792,baseline
68,22311.51291587754,21509.426252671135,6062.302583175509,8000.0,75829.56440620284,14311.512915877543,baseline
69,22300.311289585647,20787.872094638402,4460.0622579171295,0.0,72881.94134323296,22300.311289585647,baseline
70,22302.354769684945,21719.14491375593,6060.47095393699,8000.0,75404.68024522498,14302.354769684945,baseline
71,22297.98167780932,22650.68130664039,6059.596335561864,8000.0,76992.38428083205,14297.98167780932,baseline
72,22273.997383849033,21183.377021958895,4454.7994767698065,0.0,73628.20516595239,22273.997383849033,baseline
73,22319.65233839195,22065.50527764573,6063.93046767839,8000.0,75818.4217590202,14319.65233839195,baseline
74,22310.67451917067,21093.42698488097,4462.134903834134,0.0,72573.53438947578,22310.67451917067,baseline
75,22299.139393391306,21781.586978802832,6059.827878678261,8000.0,75031.25892538598,14299.139393391306,baseline
76,22310.04977798603,21038.1759440485,4462.0099555972065,0.0,71841.1228037263,22310.04977798603,baseline
77,22304.704372877142,21314.97851742283,6060.94087457543,8000.0,74769.9077846052,14304.704372877146,baseline
78,22312.021234437627,22298.41008593578,6062.404246887526,8000.0,76721.11468621952,14312.021234437623,baseline
79,22314.498427360424,21058.08732220373,4462.899685472085,0.0,73514.62610590411,22314.498427360424,baseline
80,22301.396524407526,21850.828103561245,6060.279304881506,8000.0,75904.91522186888,14301.396524407526,baseline
81,22321.066159534923,21024.09472727103,4464.213231906985,0.0,72737.67342222581,22321.066159534923,baseline
82,22313.13630600831,21993.413862367215,6062.627261201662,8000.0,74994.76860466524,14313.136306008311,baseline
83,22325.278510089272,20926.52527225146,4465.055702017855,0.0,71928.46614048518,22325.278510089272,baseline
84,22292.795030635458,21261.747110033757,6058.559006127092,8000.0,74900.95505495979,14292.79503063546,baseline
85,22316.55018363614,22440.764167867062,6063.310036727228,8000.0,76713.43103400165,14316.55018363614,baseline
86,22297.18023793464,21285.10483260245,4459.436047586928,0.0,73266.0703917469,22297.18023793464,baseline
87,22326.66852009381,22115.72951363475,6065.333704018763,8000.0,75411.67569418722,14326.66852009381,baseline
88,22313.59816780774,21107.640396815572,4462.719633561548,0.0,72154.91383161781,22313.59816780774,baseline
89,22326.692028815403,21916.957100185766,6065.338405763081,8000.0,74499.31035448438,14326.692028815403,baseline
90,22292.306523842773,20803.956384607176,4458.461304768555,0.0,71529.19918895142,22292.306523842773,baseline
91,22306.482770916067,21313.620112538396,6061.296554183214,8000.0,74460.76529314589,14306.482770916067,baseline
92,22311.754996325533,21793.24402439337,6062.350999265107,8000.0,76916.92526581293,14311.754996325533,baseline
93,22300.043809937288,21434.153334853687,4460.008761987458,0.0,73322.80697890908,22300.043809937288,baseline
94,22300.427497132005,21833.34783227945,6060.0854994264,8000.0,75729.80114433523,14300.427497132001,baseline
95,22319.977006672052,21166.331201591067,4463.99540133441,0.0,72419.4515480818,22319.977006672052,baseline
96,22312.503903712055,21629.6304866698,6062.500780742413,8000.0,75039.82418438164,14312.503903712059,baseline
97,22302.196647385263,21085.032325768647,4460.439329477053,0.0,71796.54917652119,22302.196647385263,baseline
98,22299.79222323594,21374.973300854304,6059.958444647189,8000.0,74661.40965425567,14299.792223235945,baseline
99,22310.999173710483,22178.203894375252,6062.199834742097,8000.0,76732.0050988488,14310.999173710487,baseline
100,22300.1223440548,21384.46267267575,4460.02446881096,0.0,73187.64030141688,22300.1223440548,baseline
101,22325.890664445345,22214.87924642509,6065.178132889069,8000.0,75233.47358654806,14325.890664445344,baseline
102,22313.458302611914,20899.00604752156,4462.691660522382,0.0,72185.23418111603,22313.458302611914,baseline
103,22310.735256280434,21980.16632318186,6062.147051256086,8000.0,74453.65606295853,14310.735256280434,baseline
104,22307.91863434725,20108.630792873853,4461.58372686945,0.0,72191.36017756246,22307.91863434725,baseline
1,23223.48902417916,5620.868669308218,6244.697804835832,8000.0,19357.922550035113,15223.489024179162,bonus_tickets_light
2,23197.079375212063,8802.395984423103,4639.415875042412,0.0,29113.19006578166,23197.079375212063,bonus_tickets_light
3,23217.951296554675,12310.856096511154,6243.590259310936,8000.0,41776.695006514245,15217.951296554675,bonus_tickets_light
4,23199.052900259303,13647.488235174074,4639.810580051861,0.0,46688.44909154761,23199.052900259303,bonus_tickets_light
5,23201.65473257558,16356.821894773468,6240.330946515116,8000.0,55292.950982834605,15201.654732575576,bonus_tickets_light
6,23188.38701627732,16977.956956628128,4637.677403255464,0.0,56865.703639228326,23188.38701627732,bonus_tickets_light
7,23215.793181069013,18514.443859270257,6243.158636213802,8000.0,63323.894324813285,15215.793181069012,bonus_tickets_light
8,23196.857379688685,20180.28634505876,6239.371475937737,8000.0,68101.09388350547,15196.857379688681,bonus_tickets_light
9,23221.146467932595,19903.88554893346,4644.229293586519,0.0,66774.12550891808,23221.146467932595,bonus_tickets_light
10,23202.222527918977,21162.71754554939,6240.444505583796,8000.0,70573.18598570387,15202.222527918975,bonus_tickets_light
11,23212.01087855737,20528.746740245835,4642.402175711474,0.0,68614.04794830392,23212.01087855737,bonus_tickets_light
12,23216.082548123824,21205.201391184237,6243.216509624765,8000.0,72381.71259561875,15216.082548123826,bonus_tickets_light
13,23223.996532538767,20402.668331190012,4644.799306507754,0.0,70558.24149045975,23223.996532538767,bonus_tickets_light
14,23206.342910274067,22338.85218427649,6241.268582054813,8000.0,73184.46363440253,15206.342910274067,bonus_tickets_light
15,23203.740505241778,22282.512003747233,6240.748101048356,8000.0,75864.94403484873,15203.740505241776,bonus_tickets_light
16,23192.707656212468,21408.146435509443,4638.541531242494,0.0,73010.96372430924,23192.707656212468,bonus_tickets_light
17,23214.480202528754,22301.41675480982,6242.896040505751,8000.0,75681.13113152243,15214.480202528754,bonus_tickets_light
18,23208.39960617035,21263.682505029712,4641.67992123407,0.0,72984.16831142899,23208.39960617035,bonus_tickets_light
19,23184.92332910978,22446.642906250112,6236.984665821957,8000.0,75485.46406846671,15184.923329109779,bonus_tickets_light
20,23181.288433635833,21317.754060560455,4636.257686727167,0.0,72712.74075481492,23181.288433635833,bonus_tickets_light
21,23209.153303005703,22443.005781571563,6241.830660601141,8000.0,75237.05761564791,15209.153303005702,bonus_tickets_light
22,23202.314877097902,22576.842877309526,6240.462975419581,8000.0,77622.06664001671,15202.3148770979,bonus_tickets_light
23,23203.127225536755,21919.077061393604,4640.625445107351,0.0,74265.49135905251,23203.127225536755,bonus_tickets_light
24,23205.839177621816,22559.357644797965,6241.167835524363,8000.0,76670.805056352,15205.839177621814,bonus_tickets_light
25,23197.967958003148,21905.492656108592,4639.59359160063,0.0,73323.68676664593,23197.967958003148,bonus_tickets_light
26,23212.06942007882,22437.759593908842,6242.413884015765,8000.0,75855.58270880014,15212.069420078822,bonus_tickets_light
27,23191.57869842592,21811.91904977205,4638.315739685184,0.0,72596.92661776883,23191.57869842592,bonus_tickets_light
28,23198.832061791698,22252.012516970924,6239.766412358341,8000.0,75303.97975023127,15198.832061791702,bonus_tickets_light
29,23194.379201407784,22728.149235989258,6238.875840281557,8000.0,77531.33387536822,15194.379201407783,bonus_tickets_light
30,23208.506956203037,21545.52683380694,4641.701391240607,0.0,74552.6126065237,23208.506956203037,bonus_tickets_light
31,23196.014324273954,22541.502546253378,6239.202864854791,8000.0,76967.9215196895,15196.014324273956,bonus_tickets_light
32,23199.459334994513,21801.885198612697,4639.8918669989025,0.0,73725.60378907241,23199.459334994513,bonus_tickets_light
33,23197.127042701628,22559.23528652985,6239.425408540325,8000.0,76124.07013670387,15197.127042701626,bonus_tickets_light
34,23188.091460312193,21326.589066335335,4637.618292062438,0.0,73347.95423861829,23188.091460312193,bonus_tickets_light
35,23206.281580162435,22378.450784398192,6241.256316032488,8000.0,75934.52871835003,15206.281580162437,bonus_tickets_light
36,23197.162792930045,23425.777148665213,6239.43255858601,8000.0,77466.48180402885,15197.162792930045,bonus_tickets_light
37,23199.979844338126,22240.837457229813,4639.995968867625,0.0,73785.62822226954,23199.979844338126,bonus_tickets_light
38,23195.523102778545,22474.67432525147,6239.10462055571,8000.0,76267.37237924091,15195.523102778547,bonus_tickets_light
39,23217.875970979047,21872.572420004562,4643.57519419581,0.0,72969.10073601958,23217.875970979047,bonus_tickets_light
40,23210.20597496837,22743.614682113293,6242.041194993674,8000.0,75193.650833881,15210.205974968369,bonus_tickets_light
41,23196.300633379367,21591.173661698347,4639.260126675874,0.0,72159.51767888613,23196.300633379367,bonus_tickets_light
42,23216.934261195398,22246.06411596966,6243.386852239079,8000.0,74887.0009718728,15216.934261195398,bonus_tickets_light
43,23227.899406112585,23073.194076893255,6245.5798812225175,8000.0,76796.1264198696,15227.899406112587,bonus_tickets_light
44,23212.564393840865,21605.461708487215,4642.512878768173,0.0,73760.71622645507,23212.564393840865,bonus_tickets_light
45,23201.72866152526,22470.813517210605,6240.3457323050525,8000.0,76251.28563846467,15201.728661525261,bonus_tickets_light
46,23222.729942058384,21800.747661254023,4644.545988411677,0.0,73028.72193085735,23222.729942058384,bonus_tickets_light
47,23208.32586548581,22491.828563048628,6241.665173097163,8000.0,75503.55406019738,15208.325865485807,bonus_tickets_light
48,23204.02616621898,21588.482992748042,4640.8052332437965,0.0,72478.29200042452,23204.02616621898,bonus_tickets_light
49,23200.94729246689,22226.863617776442,6240.189458493378,8000.0,75212.18621662159,15200.94729246689,bonus_tickets_light
50,23195.265165053806,22673.404657386687,6239.053033010761,8000.0,77494.99369127795,15195.265165053806,bonus_tickets_light
51,23195.324768295424,21952.530322902756,4639.064953659085,0.0,74098.72318301153,23195.324768295424,bonus_tickets_light
52,23207.84141839541,22889.547385514892,6241.568283679082,8000.0,76175.44893221297,15207.84141839541,bonus_tickets_light
53,23201.343867635384,21651.592960536495,4640.268773527077,0.0,73084.93106578478,23201.343867635384,bonus_tickets_light
54,23214.214355471064,22483.270004594277,6242.8428710942135,8000.0,75573.03254556734,15214.214355471066,bonus_tickets_light
55,23193.001222195206,21095.800667410702,4638.6002444390415,0.0,73031.63285591282,23193.001222195206,bonus_tickets_light
56,23197.538420843615,21972.43981649103,6239.507684168723,8000.0,76017.22377609667,15197.538420843613,bonus_tickets_light
57,23215.40876641614,23144.46073269969,6243.081753283228,8000.0,77845.0900565299,15215.408766416138,bonus_tickets_light
58,23214.20920266465,21658.91112836745,4642.84184053293,0.0,74757.54629029417,23214.20920266465,bonus_tickets_light
59,23217.73100076975,22849.517334157426,6243.54620015395,8000.0,76882.21375675254,15217.731000769747,bonus_tickets_light
60,23199.446930794227,21938.873843960344,4639.889386158847,0.0,73502.89745742758,23199.446930794227,bonus_tickets_light
61,23212.463355125845,22471.64132897209,6242.492671025169,8000.0,76001.22681255617,15212.463355125845,bonus_tickets_light
62,23208.088523014616,21518.989452034362,4641.617704602923,0.0,73048.70817893349,23208.088523014616,bonus_tickets_light
63,23179.14438784462,22434.131790236606,6235.828877568923,8000.0,75557.89189897258,15179.144387844619,bonus_tickets_light
64,23227.784604734083,23307.638906330423,6245.556920946817,8000.0,77232.48067642942,15227.784604734079,bonus_tickets_light
65,23208.654565477183,21679.774133979685,4641.730913095437,0.0,74119.63019483148,23208.654565477183,bonus_tickets_light
66,23211.479424829082,22851.307232869156,6242.295884965816,8000.0,76237.50650182558,15211.47942482908,bonus_tickets_light
67,23216.36773899969,21400.23040611924,4643.273547799938,0.0,73410.3702869061,23216.36773899969,bonus_tickets_light
68,23207.809994148683,21924.293744965158,6241.561998829738,8000.0,76452.32453725989,15207.809994148683,bonus_tickets_light
69,23202.542009887336,21769.710827155814,4640.508401977469,0.0,73244.64731801393,23202.542009887336,bonus_tickets_light
70,23220.123831065554,22582.05025377249,6244.024766213111,8000.0,75638.6961290939,15220.123831065555,bonus_tickets_light
71,23195.318386053204,22994.368978127557,6239.063677210641,8000.0,77600.5818598089,15195.318386053204,bonus_tickets_light
72,23199.298082278485,22036.66218439942,4639.8596164556975,0.0,74123.35814123227,23199.298082278485,bonus_tickets_light
73,23217.998658902274,22933.779582950767,6243.599731780455,8000.0,76163.97748540332,15217.998658902272,bonus_tickets_light
74,23196.12339240298,21537.462568839455,4639.224678480597,0.0,73183.41363048625,23196.12339240298,bonus_tickets_light
75,23216.844398911875,22696.160923611253,6243.368879782375,8000.0,75460.72822600449,15216.844398911873,bonus_tickets_light
76,23211.25375419526,21668.803158968836,4642.250750839052,0.0,72360.92807039186,23211.25375419526,bonus_tickets_light
77,23205.14192184696,22370.458611949467,6241.028384369392,8000.0,74954.58299591996,15205.14192184696,bonus_tickets_light
78,23208.053316405207,22749.215585084046,6241.6106632810415,8000.0,77171.81006396007,15208.053316405205,bonus_tickets_light
79,23189.379415203675,21718.923097972347,4637.875883040735,0.0,74004.39049815066,23189.379415203675,bonus_tickets_light
80,23209.784718252802,22773.443573539993,6241.956943650561,8000.0,76198.77469921291,15209.784718252802,bonus_tickets_light
81,23214.041866228956,21724.810059829713,4642.808373245792,0.0,73045.19813236636,23214.041866228956,bonus_tickets_light
82,23208.1317626601,22419.548966582697,6241.626352532021,8000.0,75592.15457591174,15208.131762660101,bonus_tickets_light
83,23209.629716730487,21401.626012419394,4641.925943346098,0.0,72758.23233687674,23209.629716730487,bonus_tickets_light
84,23220.23422947372,22722.602886543733,6244.046845894744,8000.0,75011.81683391199,15220.234229473721,bonus_tickets_light
85,23211.37468423842,22781.910010028925,6242.274936847685,8000.0,77199.0065712738,15211.37468423842,bonus_tickets_light
86,23195.507034724873,21917.272117912147,4639.101406944975,0.0,73838.14008114155,23195.507034724873,bonus_tickets_light
87,23196.143666918455,22840.738449795375,6239.228733383692,8000.0,75954.31656488094,15196.143666918457,bonus_tickets_light
88,23214.573224981832,21805.87171028679,4642.914644996367,0.0,72720.1034345796,23214.573224981832,bonus_tickets_light
89,23202.91503386806,22254.99820702931,6240.583006773612,8000.0,75427.43725464476,15202.91503386806,bonus_tickets_light
90,23211.33676757503,21328.236144024006,4642.267353515006,0.0,72668.27052468076,23211.33676757503,bonus_tickets_light
91,23200.118644111088,22919.57694040885,6240.023728822218,8000.0,74708.78849956079,15200.11864411109,bonus_tickets_light
92,23208.5182252677,22546.67761617666,6241.703645053541,8000.0,77128.9254635983,15208.5182252677,bonus_tickets_light
93,23207.39744135711,21689.48351697787,4641.479488271421,0.0,74005.3598997061,23207.39744135711,bonus_tickets_light
94,23195.34678731314,22749.867058174146,6239.069357462628,8000.0,76211.77027138248,15195.346787313141,bonus_tickets_light
95,23200.396019332773,21671.2458177947,4640.079203866554,0.0,73100.841269054,23200.396019332773,bonus_tickets_light
96,23204.850788333668,22489.679599699582,6240.970157666735,8000.0,75575.04230002135,15204.85078833367,bonus_tickets_light
97,23209.56832363742,21502.743523184254,4641.9136647274845,0.0,72639.95343574703,23209.56832363742,bonus_tickets_light
98,23207.084514690556,22397.553205216405,6241.416902938112,8000.0,75208.06784228307,15207.084514690556,bonus_tickets_light
99,23200.860661537587,23009.645864454087,6240.172132307518,8000.0,77159.11050705906,15200.860661537588,bonus_tickets_light
100,23204.496551898144,21564.623507487107,4640.899310379629,0.0,74158.08424109046,23204.496551898144,bonus_tickets_light
101,23220.12875375758,22689.64822058529,6244.025750751517,8000.0,76444.53902351124,15220.128753757579,bonus_tickets_light
102,23214.080156648462,21784.04700933457,4642.816031329692,0.0,73231.75613949544,23214.080156648462,bonus_tickets_light
103,23204.110795749562,22699.879907648578,6240.822159149913,8000.0,75495.16486844652,15204.110795749566,bonus_tickets_light
104,23217.844920984684,21799.254006625673,4643.568984196938,0.0,72270.18679860859,23217.844920984684,bonus_tickets_light
1,23535.607004840036,5697.567925472136,6307.121400968007,9176.780350242001,19530.917678399892,14358.826654598033,cashback_5pct
2,23525.5279852558,8879.145302435854,4705.105597051161,1176.2763992627902,29472.194764168675,22349.25158599301,cashback_5pct
3,23524.498548475036,12336.349815634312,6304.899709695007,9176.224927423751,42355.44378731439,14348.273621051281,cashback_5pct
4,23509.070022161573,13789.500211691686,4701.814004432315,1175.4535011080789,47373.199593351965,22333.616521053496,cashback_5pct
5,23541.23653048091,16574.833670965425,6308.247306096183,9177.061826524045,56031.35514677127,14364.174703956867,cashback_5pct
6,23521.48447592275,17137.920216195147,4704.29689518455,1176.0742237961374,57710.622511314315,22345.410252126607,cashback_5pct
7,23533.28060091581,18755.385683310556,6306.656120183163,9176.664030045791,64181.86130873641,14356.616570870017,cashback_5pct
8,23537.79099003145,20137.189460086072,6307.558198006291,9176.889549501571,69274.9046406755,14360.901440529879,cashback_5pct
9,23537.95507144447,20274.653157356763,4707.591014288894,1176.8977535722236,67830.6155404743,22361.057317872244,cashback_5pct
10,23535.094090786548,21274.74800715639,6307.018818157309,9176.754704539328,71783.94280594715,14358.33938624722,cashback_5pct
11,23525.214267786254,20798.655205399733,4705.042853557251,1176.2607133893127,69805.45901477642,22348.953554396943,cashback_5pct
12,23533.605119432297,22062.926000731983,6306.72102388646,9176.680255971614,72969.41710959027,14356.924863460683,cashback_5pct
13,23533.451123278148,21034.396735543556,4706.69022465563,1176.6725561639075,70761.78127266924,22356.77856711424,cashback_5pct
14,23538.1386882206,22257.51911511078,6307.62773764412,9176.90693441103,73734.77310813493,14361.231753809569,cashback_5pct
15,23536.41833823272,22640.507475283277,6307.283667646544,9176.820916911636,76323.40030343783,14359.597421321085,cashback_5pct
16,23516.813843515196,21983.772069783998,4703.3627687030385,1175.8406921757596,73153.07930846598,22340.973151339433,cashback_5pct
17,23553.003326016023,22553.340277834533,6310.600665203206,9177.650166300802,75842.14169144428,14375.353159715221,cashback_5pct
18,23538.290952118376,21496.054599988933,4707.658190423675,1176.9145476059186,73176.71985315005,22361.37640451246,cashback_5pct
19,23498.074388286932,22206.925200733236,6299.614877657387,9174.903719414346,76168.25416304635,14323.170668872588,cashback_5pct
20,23511.264221985322,21996.494360456712,4702.252844397064,1175.563211099266,72980.7711801779,22335.701010886056,cashback_5pct
21,23513.19292787413,22746.817779887693,6302.638585574826,9175.659646393708,75444.5077425895,14337.533281480422,cashback_5pct
22,23540.864316443884,22901.01226558678,6308.172863288777,9177.043215822194,77776.18693015783,14363.82110062169,cashback_5pct
23,23520.762810726264,22127.606168471877,4704.152562145253,1176.0381405363132,74465.19101026696,22344.72467018995,cashback_5pct
24,23519.34046724383,23210.959423635817,6303.868093448767,9175.967023362191,76469.70396042621,14343.373443881643,cashback_5pct
25,23512.779878650177,21926.423606032276,4702.555975730035,1175.6389939325088,73353.50425731407,22337.140884717668,cashback_5pct
26,23550.746396503142,22512.429463539796,6310.149279300629,9177.537319825158,76081.6719109768,14373.209076677987,cashback_5pct
27,23513.05253503974,21928.745729614362,4702.610507007948,1175.652626751987,72963.36820939422,22337.399908287756,cashback_5pct
28,23534.214382428094,22589.814324536874,6306.84287648562,9176.710719121404,75600.92539079982,14357.50366330669,cashback_5pct
29,23536.780871148894,23026.581863644096,6307.356174229779,9176.839043557444,77803.76822407484,14359.94182759145,cashback_5pct
30,23519.70373995277,21819.996472263174,4703.940747990554,1175.9851869976385,74799.5347437739,22343.71855295513,cashback_5pct
31,23527.154932380312,22870.558164863753,6305.430986476063,9176.357746619016,77150.70052481438,14350.797185761296,cashback_5pct
32,23533.952913276098,22071.214653833147,4706.79058265522,1176.6976456638051,73906.64820160212,22357.255267612294,cashback_5pct
33,23525.666245249733,22492.770800993123,6305.133249049946,9176.283312262487,76634.41039680877,14349.382932987246,cashback_5pct
34,23524.38271451361,21783.42005566257,4704.876542902722,1176.2191357256804,73670.49651275709,22348.16357878793,cashback_5pct
35,23541.74657707484,22110.110122036145,6308.349315414967,9177.08732885374,76793.78365238081,14364.659248221094,cashback_5pct
36,23536.531549589858,23059.35327541744,6307.306309917972,9176.826577479493,78963.65561663527,14359.704972110365,cashback_5pct
37,23551.242273124048,22192.109246825537,4710.24845462481,1177.5621136562024,75612.54018830895,22373.680159467847,cashback_5pct
38,23526.421065127393,23085.57214120544,6305.284213025479,9176.32105325637,77748.10489920543,14350.100011871027,cashback_5pct
39,23530.300043426985,22143.065471776757,4706.060008685397,1176.5150021713494,74429.27946217026,22353.785041255633,cashback_5pct
40,23516.57022203491,22716.06041123295,6303.314044406982,9175.828511101745,76926.47522856525,14340.741710933162,cashback_5pct
41,23521.419946194823,22044.908827102514,4704.283989238965,1176.0709973097414,73698.70235841858,22345.348948885083,cashback_5pct
42,23537.014806787447,22632.70858703143,6307.402961357489,9176.850740339372,76295.60561681712,14360.164066448075,cashback_5pct
43,23531.62480813056,22925.098335805527,6306.324961626112,9176.581240406527,78595.80712751603,14355.043567724031,cashback_5pct
44,23538.512566673428,22069.64590736268,4707.702513334686,1176.9256283336715,75356.9712734921,22361.586938339755,cashback_5pct
45,23521.291448643806,22659.503903366403,6304.258289728762,9176.06457243219,77914.50052904074,14345.226876211615,cashback_5pct
46,23532.171655192364,22083.304477712492,4706.434331038473,1176.6085827596182,74656.93337548213,22355.563072432746,cashback_5pct
47,23535.647231431973,22747.71586322184,6307.129446286394,9176.782361571599,77137.73529740587,14358.864869860372,cashback_5pct
48,23530.005022691665,21885.84699597506,4706.001004538333,1176.5002511345833,74075.89231958413,22353.50477155708,cashback_5pct
49,23527.211469248195,22540.036710981058,6305.44229384964,9176.36057346241,76757.62478400163,14350.850895785787,cashback_5pct
50,23540.9565518994,23392.72002915205,6308.19131037988,9177.04782759497,78597.6699963691,14363.908724304429,cashback_5pct
51,23534.95945205426,22349.11519554816,4706.991890410852,1176.747972602713,75076.52236246435,22358.211479451544,cashback_5pct
52,23528.279484724997,23254.58499467076,6305.655896945001,9176.41397423625,77044.56095557359,14351.865510488751,cashback_5pct
53,23536.998191181083,22125.83956058145,4707.3996382362175,1176.8499095590544,73748.31994793701,22360.14828162203,cashback_5pct
54,23526.138081167002,22629.99318279113,6305.227616233401,9176.30690405835,76339.23723007947,14349.831177108654,cashback_5pct
55,23520.500459906558,21605.776699954182,4704.100091981312,1176.025022995328,73549.86089805054,22344.47543691123,cashback_5pct
56,23539.560137589266,22958.1417806717,6307.912027517853,9176.978006879464,75823.36722745025,14362.582130709803,cashback_5pct
57,23507.95388376452,23274.22199890572,6301.590776752904,9175.397694188227,77755.50833555615,14332.556189576293,cashback_5pct
58,23530.870454211425,21927.263205212224,4706.174090842285,1176.5435227105713,74652.94149371306,22354.32693150085,cashback_5pct
59,23529.540258103792,22785.5530080947,6305.908051620759,9176.47701290519,77091.02069210139,14353.063245198602,cashback_5pct
60,23528.498707108207,21898.707486966156,4705.699741421642,1176.4249353554105,74015.1121708218,22352.073771752795,cashback_5pct
61,23518.590698317665,22877.15821314692,6303.718139663533,9175.929534915884,76352.82651632902,14342.661163401783,cashback_5pct
62,23520.51076523715,21951.529226192553,4704.102153047431,1176.0255382618577,73217.7059023262,22344.485226975296,cashback_5pct
63,23531.949130902914,22571.160902978212,6306.389826180583,9176.597456545147,75872.10430407031,14355.35167435777,cashback_5pct
64,23515.31742839468,22634.128523699805,6303.063485678937,9175.765871419733,78450.22972308625,14339.551556974946,cashback_5pct
65,23523.10760570395,22107.374346454177,4704.621521140791,1176.1553802851977,75161.34146119523,22346.952225418754,cashback_5pct
66,23518.216648957394,23238.0515243036,6303.64332979148,9175.91083244787,77137.86325605755,14342.305816509526,cashback_5pct
67,23522.27816117693,21887.42045310245,4704.4556322353865,1176.1139080588466,74068.26533189665,22346.164253118088,cashback_5pct
68,23541.20810616028,22625.451383821593,6308.241621232056,9177.060405308013,76675.78043300328,14364.147700852263,cashback_5pct
69,23549.602624013878,21623.922706238733,4709.920524802776,1177.480131200694,73891.53982597565,22372.122492813185,cashback_5pct
70,23524.85707390819,22297.597836984423,6304.9714147816385,9176.242853695408,76813.82764811777,14348.614220212781,cashback_5pct
71,23535.607651619837,23216.305871029293,6307.121530323968,9176.780382580991,78826.00789838434,14358.827269038848,cashback_5pct
72,23533.22520643461,22126.92829585038,4706.645041286922,1176.6612603217304,75525.65976768166,22356.563946112878,cashback_5pct
73,23517.303442966815,22876.620017621826,6303.460688593364,9175.865172148342,77862.88250443329,14341.438270818473,cashback_5pct
74,23522.52210427677,22228.709566370395,4704.5044208553545,1176.1261052138386,74452.1906214843,22346.395999062934,cashback_5pct
75,23529.48017362813,22527.857145009075,6305.896034725626,9176.474008681407,77147.91761537774,14353.006164946724,cashback_5pct
76,23510.33898061669,22149.87576949407,4702.067796123338,1175.5169490308344,73806.31303037702,22334.822031585853,cashback_5pct
77,23533.79816378142,22708.14362530299,6306.759632756284,9176.689908189072,76325.20793609918,14357.108255592348,cashback_5pct
78,23509.55469785496,23104.866132806434,6301.910939570992,9175.47773489275,78427.9855615767,14334.076962962214,cashback_5pct
79,23511.091237988454,22341.75739500365,4702.218247597691,1175.5545618994229,74895.1011569638,22335.536676089032,cashback_5pct
80,23527.058588168304,22493.69753678654,6305.411717633662,9176.352929408416,77623.05049071192,14350.70565875989,cashback_5pct
81,23537.96690147133,22011.883415924945,4707.593380294266,1176.8983450735666,74441.54059596405,22361.06855639776,cashback_5pct
82,23534.663008672873,22992.249068760335,6306.932601734575,9176.733150433645,76677.02193414199,14357.929858239231,cashback_5pct
83,23529.902220152864,21411.515754980122,4705.9804440305725,1176.4951110076431,74089.42795528416,22353.40710914522,cashback_5pct
84,23521.67706047033,22756.43866723172,6304.335412094067,9176.083853023516,76550.33093642871,14345.593207446816,cashback_5pct
85,23545.27706263529,23311.909163842945,6309.055412527058,9177.263853131766,78474.643422694,14368.013209503526,cashback_5pct
86,23555.953453159687,22256.5261768393,4711.190690631937,1177.7976726579843,75062.88000838245,22378.1557805017,cashback_5pct
87,23535.39363996642,22807.386117099955,6307.078727993285,9176.769681998321,77483.80880325563,14358.6239579681,cashback_5pct
88,23520.535103300695,21634.259399720067,4704.107020660139,1176.0267551650347,74665.97748617613,22344.508348135656,cashback_5pct
89,23530.41103174369,22657.383156217376,6306.0822063487385,9176.520551587186,77232.92315535368,14353.890480156506,cashback_5pct
90,23531.65179648524,22295.937750374578,4706.330359297049,1176.5825898242622,73762.30684216731,22355.069206660977,cashback_5pct
91,23527.974360227465,22655.13417738324,6305.5948720454935,9176.398718011375,76329.55215296603,14351.575642216094,cashback_5pct
92,23512.727402066732,23410.313618261483,6302.545480413347,9175.636370103337,78129.42045635793,14337.091031963395,cashback_5pct
93,23528.967279177363,21922.92418631786,4705.793455835473,1176.4483639588684,75029.67009338197,22352.518915218498,cashback_5pct
94,23529.33749307273,22675.2366766151,6305.867498614547,9176.466874653637,77577.90341122505,14352.870618419094,cashback_5pct
95,23537.205570243666,22498.86463722084,4707.441114048734,1176.8602785121834,73908.80323019915,22360.345291731483,cashback_5pct
96,23508.204124139862,22968.533439206443,6301.640824827972,9175.410206206992,76146.83309030459,14332.793917932866,cashback_5pct
97,23519.217901704877,21722.96103696256,4703.843580340976,1175.960895085244,73239.24637470592,22343.257006619635,cashback_5pct
98,23533.104052316645,22588.086504806106,6306.620810463329,9176.655202615833,75877.64311175313,14356.44884970081,cashback_5pct
99,23518.067751744133,23057.289754213456,6303.613550348827,9175.903387587206,78034.80755893499,14342.164364156926,cashback_5pct
100,23524.00909166183,22288.25649398036,4704.801818332367,1176.2004545830916,74565.7583382841,22347.80863707874,cashback_5pct
101,23525.53101858793,22735.681212892167,6305.106203717588,9176.276550929397,77050.50194026227,14349.254467658537,cashback_5pct
102,23530.80800565047,21798.89003027056,4706.161601130095,1176.5404002825237,74076.25831451209,22354.267605367942,cashback_5pct
103,23517.307040481224,22587.138390723412,6303.461408096246,9175.865352024062,76702.96555617366,14341.441688457166,cashback_5pct
104,23541.762411393283,22265.145347543472,4708.352482278658,1177.0881205696644,73271.23013774482,22364.67429082362,cashback_5pct
1,23247.096680862513,5631.439416772496,6249.419336172503,9479.311717115883,19366.23792791751,13767.78496374663,loss_rebate_whales_20pct
2,23265.818638207063,8625.499491417195,4653.163727641413,1481.4102606091412,29353.393347065965,21784.40837759792,loss_rebate_whales_20pct
3,23252.043722340804,12180.439811930208,6250.408744468161,9481.465970890837,42174.5885130084,13770.577751449966,loss_rebate_whales_20pct
4,23265.14441590962,13703.682921061421,4653.028883181925,1481.9894752339687,47083.02112467468,21783.154940675653,loss_rebate_whales_20pct
5,23271.481194861237,16593.023193180743,6254.296238972248,9484.159065813054,55507.18288738292,13787.322129048183,loss_rebate_whales_20pct
6,23265.337653961386,16790.477421997428,4653.0675307922775,1482.6069637293438,57328.975588554604,21782.73069023204,loss_rebate_whales_20pct
7,23249.78341366153,18606.695045597186,6249.956682732306,9480.058045685464,63722.10727388664,13769.725367976065,loss_rebate_whales_20pct
8,23258.738423113522,20070.618981821437,6251.747684622704,9483.664275654657,68658.47903055602,13775.074147458865,loss_rebate_whales_20pct
9,23266.974527299375,20066.1318539793,4653.394905459875,1484.6853134124672,67205.92679841623,21782.28921388691,loss_rebate_whales_20pct
10,23240.28852056909,20696.178236715496,6248.0577041138185,9479.129342096623,71501.979378156,13761.159178472468,loss_rebate_whales_20pct
11,23263.66230738668,20186.231621589355,4652.732461477335,1483.133186526739,69926.67760247599,21780.52912085994,loss_rebate_whales_20pct
12,23242.325082251064,21287.979415404847,6248.465016450214,9479.697460765228,73632.558252872,13762.627621485837,loss_rebate_whales_20pct
13,23261.456860242117,20683.63233313449,4652.291372048424,1482.8790275550725,71558.09140793119,21778.577832687042,loss_rebate_whales_20pct
14,23268.825201089796,21540.080767300395,6253.76504021796,9482.914164353262,75033.07080150263,13785.911036736534,loss_rebate_whales_20pct
15,23260.531244372854,22696.51998991712,6252.106248874571,9480.201437510541,77344.9758070838,13780.329806862313,loss_rebate_whales_20pct
16,23251.421659529355,21777.496388349788,4650.284331905871,1480.4057549311099,74168.6167463575,21771.015904598244,loss_rebate_whales_20pct
17,23248.792962875865,22461.181228634807,6249.758592575173,9480.151579883883,76706.46988802338,13768.641382991982,loss_rebate_whales_20pct
18,23263.874510039175,21485.67426444619,4652.774902007836,1482.9188167149389,73831.89523160852,21780.95569332424,loss_rebate_whales_20pct
19,23257.92839646322,22347.860399528916,6251.585679292644,9481.229154595945,76490.37754925019,13776.699241867276,loss_rebate_whales_20pct
20,23258.37501679764,21428.174066012005,4651.675003359528,1482.1741691012267,73668.9034966763,21776.20084769641,loss_rebate_whales_20pct
21,23248.502179844756,21841.393602062006,6249.700435968952,9481.990654983607,76826.3116384901,13766.511524861151,loss_rebate_whales_20pct
22,23252.497044751206,23160.622923338,6250.499408950242,9481.04361247952,78667.68635095305,13771.453432271686,loss_rebate_whales_20pct
23,23258.08718609384,21702.625970933317,4651.617437218768,1480.7984965602434,75571.53012889481,21777.288689533594,loss_rebate_whales_20pct
24,23260.62023417937,22893.060332636596,6252.124046835875,9483.010512050614,77686.96598360171,13777.609722128756,loss_rebate_whales_20pct
25,23254.793253372074,22016.36055659709,4650.9586506744145,1481.1197236974372,74274.44002970228,21773.673529674634,loss_rebate_whales_20pct
26,23233.80181448071,22920.335265671678,6246.760362896142,9479.148600391509,76341.14621561517,13754.653214089203,loss_rebate_whales_20pct
27,23270.55665758642,21552.809277441465,4654.111331517285,1483.9718994359312,73404.78226424284,21786.584758150493,loss_rebate_whales_20pct
28,23265.936886501506,22542.009907642463,6253.187377300302,9483.774245650444,75875.52186580157,13782.162640851062,loss_rebate_whales_20pct
29,23242.15690171882,22592.06931132134,6248.431380343764,9478.020408083326,78277.1780758553,13764.136493635493,loss_rebate_whales_20pct
30,23258.304886526224,22073.176647879965,4651.660977305245,1482.18459076965,74810.6453371963,21776.120295756577,loss_rebate_whales_20pct
31,23262.642375217187,22680.605237167027,6252.528475043438,9482.34675400746,77140.15400020302,13780.295621209729,loss_rebate_whales_20pct
32,23247.107875485035,21402.559791945423,4649.421575097008,1481.3647801354898,74335.28050864564,21765.743095349546,loss_rebate_whales_20pct
33,23275.167727883443,22670.455842327505,6255.033545576689,9484.160073751815,76684.95884862488,13791.007654131627,loss_rebate_whales_20pct
34,23251.774705643886,21566.843049899373,4650.354941128778,1480.219296298052,73719.53556324061,21771.55540934583,loss_rebate_whales_20pct
35,23243.811668320566,22579.760892386144,6248.762333664114,9480.04195561271,76134.82400551092,13763.769712707855,loss_rebate_whales_20pct
36,23255.885988771122,23041.98086336514,6251.177197754225,9482.035229050669,78097.55193316267,13773.85075972045,loss_rebate_whales_20pct
37,23265.136967510523,21475.91032468763,4653.027393502106,1481.8853186019007,75233.75118248347,21783.251648908627,loss_rebate_whales_20pct
38,23278.701163782705,22685.12916401737,6255.740232756541,9483.951280195923,77571.58294949227,13794.749883586781,loss_rebate_whales_20pct
39,23245.31425197709,21856.898689566882,4649.0628503954185,1479.7403602201293,74310.93566150706,21765.57389175696,loss_rebate_whales_20pct
40,23254.48795160385,22616.512142583928,6250.897590320769,9479.737414599822,76698.01388020621,13774.750537004025,loss_rebate_whales_20pct
41,23277.77127855819,21765.928050918275,4655.554255711639,1483.2634975689487,73554.30285213448,21794.507780989246,loss_rebate_whales_20pct
42,23243.53760543387,22800.72066571886,6248.707521086774,9477.636548602472,75748.41227076272,13765.901056831399,loss_rebate_whales_20pct
43,23264.539871916677,22902.408382610614,6252.907974383336,9481.022997155957,77857.63578568544,13783.51687476072,loss_rebate_whales_20pct
44,23247.16984407431,22086.912997156523,4649.433968814862,1481.0305398654214,74368.45866378836,21766.139304208886,loss_rebate_whales_20pct
45,23271.505694577427,22236.32848653745,6254.301138915485,9486.211088548613,77149.33473291286,13785.294606028814,loss_rebate_whales_20pct
46,23264.636936959705,21881.91502688937,4652.927387391942,1481.0235729935057,73879.12925559124,21783.613363966204,loss_rebate_whales_20pct
47,23271.11088265576,22347.285584449113,6254.222176531152,9482.558284700539,76548.73237726674,13788.552597955224,loss_rebate_whales_20pct
48,23257.057189444557,21588.80211833407,4651.411437888911,1479.7569353038841,73565.57601048832,21777.30025414067,loss_rebate_whales_20pct
49,23260.02044722503,22444.307354249282,6252.004089445006,9481.732009134439,76129.28501401906,13778.28843809059,loss_rebate_whales_20pct
50,23272.608791107206,23303.363016634234,6254.521758221442,9484.865666186215,77844.0090302706,13787.743124920995,loss_rebate_whales_20pct
51,23260.16048017176,22188.846390808685,4652.0320960343515,1482.1402264785136,74263.29102359932,21778.020253693245,loss_rebate_whales_20pct
52,23248.334755235577,22551.2379457532,6249.666951047116,9478.845792475591,76710.72088203457,13769.488962759988,loss_rebate_whales_20pct
53,23255.609975755873,21527.058835339427,4651.121995151175,1480.7141322210223,73788.15002729984,21774.895843534854,loss_rebate_whales_20pct
54,23264.539573818245,22662.407364753813,6252.90791476365,9483.710130142208,76137.37432160063,13780.829443676037,loss_rebate_whales_20pct
55,23268.243026530636,21387.811249205934,4653.648605306127,1482.2228809268067,73364.1574936192,21786.020145603827,loss_rebate_whales_20pct
56,23249.081603341805,21997.221414605287,6249.816320668362,9482.67679106202,76366.20136168736,13766.404812279787,loss_rebate_whales_20pct
57,23270.27290571426,22887.219126161344,6254.054581142853,9483.37653243624,78495.20056009742,13786.896373278021,loss_rebate_whales_20pct
58,23249.667165538267,21826.86382470957,4649.933433107653,1479.7351975670806,75268.07046781847,21769.931967971188,loss_rebate_whales_20pct
59,23265.254669075763,22714.43051767516,6253.050933815152,9482.385871532852,77565.84368540392,13782.86879754291,loss_rebate_whales_20pct
60,23252.45519904489,21539.760906280146,4650.491039808979,1481.0168322622592,74628.04693835968,21771.438366782633,loss_rebate_whales_20pct
61,23250.986862841084,22506.052404437018,6250.197372568217,9481.20088039703,77122.78402419554,13769.785982444057,loss_rebate_whales_20pct
62,23279.90302530166,21738.1590595726,4655.980605060333,1484.8107241590958,74008.54738486426,21795.092301142566,loss_rebate_whales_20pct
63,23254.043032999027,22270.253642496147,6250.808606599806,9482.900357452898,76741.52816876733,13771.142675546133,loss_rebate_whales_20pct
64,23259.788512207328,22828.354031408515,6251.957702441466,9481.68965231011,78921.00494712469,13778.09885989722,loss_rebate_whales_20pct
65,23281.96286169469,22003.581667709524,4656.392572338938,1485.2815824847962,75542.99356877092,21796.681279209894,loss_rebate_whales_20pct
66,23278.52459016272,23038.82382300146,6255.704918032545,9484.668364829711,77526.98941789962,13793.856225333007,loss_rebate_whales_20pct
67,23254.219304472543,21764.44342461754,4650.84386089451,1480.283183243762,74365.92143686011,21773.936121228784,loss_rebate_whales_20pct
68,23231.517178055823,22800.553956204312,6246.303435611165,9477.606897372527,76550.58122310047,13753.910280683298,loss_rebate_whales_20pct
69,23257.13052204871,21516.22216941691,4651.426104409742,1480.9232611790544,73640.06347132252,21776.207260869654,loss_rebate_whales_20pct
70,23245.50269847321,22394.211724240573,6249.100539694643,9478.415082049105,76242.25390586052,13767.087616424104,loss_rebate_whales_20pct
71,23257.36833764974,22898.367135577224,6251.473667529949,9480.970542103267,78349.7814404031,13776.397795546476,loss_rebate_whales_20pct
72,23252.409300981373,22255.475790593784,4650.481860196274,1481.072810243739,74696.2330905944,21771.33649073763,loss_rebate_whales_20pct
73,23250.82616841375,23181.739169599063,6250.165233682751,9478.77941443985,76515.15485572633,13772.046753973902,loss_rebate_whales_20pct
74,23259.496044109255,21846.00740220776,4651.899208821852,1482.5651810052789,73276.74428880597,21776.93086310398,loss_rebate_whales_20pct
75,23258.129181526958,22487.36791643055,6251.625836305392,9482.419155820315,75795.879717597,13775.710025706645,loss_rebate_whales_20pct
76,23268.532606173296,21243.889456678655,4653.70652123466,1483.527273137093,73166.81634585698,21785.005333036203,loss_rebate_whales_20pct
77,23263.453743129165,22392.198537381348,6252.690748625832,9482.463858226147,75785.38080297897,13780.989884903016,loss_rebate_whales_20pct
78,23250.01686172796,22985.04049277223,6250.003372345593,9479.049057948876,77800.3537995891,13770.967803779084,loss_rebate_whales_20pct
79,23252.504640312156,21671.933430263787,4650.500928062432,1480.71570421722,74730.42408157504,21771.788936094938,loss_rebate_whales_20pct
80,23263.652307749744,22867.02575026603,6252.730461549949,9482.198367864838,76874.3201775088,13781.453939884907,loss_rebate_whales_20pct
81,23272.61170454601,21975.509726545373,4654.522340909201,1483.8374382818795,73516.89981460023,21788.77426626413,loss_rebate_whales_20pct
82,23236.654624643365,22473.373670937923,6247.330924928672,9478.827431276844,76032.849843377,13757.82719336652,loss_rebate_whales_20pct
83,23254.629623041405,21475.918955984696,4650.925924608281,1480.8195895619413,73160.63458582544,21773.81003347946,loss_rebate_whales_20pct
84,23258.53377368233,22190.188855495577,6251.706754736466,9481.683161866888,75977.27274927571,13776.850611815444,loss_rebate_whales_20pct
85,23278.27439729104,22657.449805220433,6255.654879458208,9484.1869706996,78342.4424618881,13794.087426591439,loss_rebate_whales_20pct
86,23267.547961583186,21876.720882885696,4653.509592316638,1483.863209385947,75079.75994826897,21783.68475219724,loss_rebate_whales_20pct
87,23271.10507469402,22544.620409979663,6254.221014938805,9484.455483222058,77552.02359804451,13786.649591471964,loss_rebate_whales_20pct
88,23266.831690990744,21916.50420771068,4653.36633819815,1482.558303326869,74248.98474312644,21784.273387663878,loss_rebate_whales_20pct
89,23250.908904749376,22823.33920913038,6250.181780949876,9480.6575913822,76426.37265779555,13770.251313367175,loss_rebate_whales_20pct
90,23260.559086319743,21927.820206087883,4652.111817263949,1483.3217282422795,73106.99972076346,21777.237358077462,loss_rebate_whales_20pct
91,23270.977402338318,22489.2522795743,6254.195480467664,9483.01124336487,75634.52936305982,13787.966158973448,loss_rebate_whales_20pct
92,23256.418906896313,23347.771623908422,6251.283781379263,9482.283989031834,77291.89286466845,13774.13491786448,loss_rebate_whales_20pct
93,23262.2204093724,21575.731559781718,4652.444081874481,1481.4033825957415,74325.93763238464,21780.81702677666,loss_rebate_whales_20pct
94,23248.607885171037,22651.66534854308,6249.721577034208,9481.194352294253,76673.15859197838,13767.413532876782,loss_rebate_whales_20pct
95,23265.181538072247,21697.61099613422,4653.0363076144495,1482.0034832308818,73587.69282630197,21783.178054841363,loss_rebate_whales_20pct
96,23257.557722729933,22491.287676561784,6251.511544545987,9481.188938733188,76102.45132792414,13776.368783996744,loss_rebate_whales_20pct
97,23247.346303792896,21812.481973414004,4649.469260758579,1479.1221763761712,72887.84639754445,21768.224127416725,loss_rebate_whales_20pct
98,23240.113425362135,22214.668643054403,6248.0226850724275,9478.59514595428,75665.26849477975,13761.518279407856,loss_rebate_whales_20pct
99,23255.585109808635,22666.473854072836,6251.117021961728,9480.212552020166,78003.26272855382,13775.37255778847,loss_rebate_whales_20pct
100,23251.17784885699,21868.06282029808,4650.235569771397,1480.8696769921328,74736.14218734133,21770.308171864857,loss_rebate_whales_20pct
101,23249.32843338943,22760.059370098155,6249.8656866778865,9480.599555851726,76975.54556395471,13768.728877537704,loss_rebate_whales_20pct
102,23253.302352732026,21990.469884959388,4650.660470546405,1480.2854787557703,73587.71756118095,21773.016873976252,loss_rebate_whales_20pct
103,23260.93601694864,22495.286047878075,6252.187203389729,9481.345781746417,76101.18032686178,13779.590235202222,loss_rebate_whales_20pct
104,23245.777902283055,21331.522301564688,4649.155580456611,1480.3997733575366,73366.28034712354,21765.378128925517,loss_rebate_whales_20pct
1,22988.97349401175,5920.209796463286,6597.7946988023505,10000.0,20470.968998746113,12988.973494011747,jackpot_boost_2k
2,22980.95302947183,9296.603858461882,4996.190605894367,2000.0,31159.127563861697,20980.95302947183,jackpot_boost_2k
3,22979.78860725908,12964.667233336128,6595.957721451816,10000.0,44578.29121633283,12979.788607259079,jackpot_boost_2k
4,22968.5052801483,14489.309157758666,4993.70105602966,2000.0,50063.7862826928,20968.5052801483,jackpot_boost_2k
5,22968.965545180938,17268.939218608954,6593.793109036188,10000.0,59170.019500228605,12968.96554518094,jackpot_boost_2k
6,22965.687361260894,17974.631265428794,4993.137472252179,2000.0,61167.938123808526,20965.687361260894,jackpot_boost_2k
7,22984.00227608843,19598.152554708304,6596.800455217686,10000.0,67956.98738997098,12984.00227608843,jackpot_boost_2k
8,22992.16022980413,21372.9716472005,6598.432045960826,10000.0,72977.74392661378,12992.160229804129,jackpot_boost_2k
9,22995.11354335631,21281.133392692387,4999.022708671262,2000.0,71692.70136860643,20995.11354335631,jackpot_boost_2k
10,22984.308515185472,22152.734075525346,6596.861703037094,10000.0,75927.41410522947,12984.30851518547,jackpot_boost_2k
11,22989.350277743986,21867.92631803213,4997.8700555487985,2000.0,74050.96800939253,20989.350277743986,jackpot_boost_2k
12,22978.459247633928,22936.262231925106,6595.6918495267855,10000.0,77497.47317557456,12978.459247633924,jackpot_boost_2k
13,22997.901369324707,21925.88964934423,4999.580273864942,2000.0,75569.90462169009,20997.901369324707,jackpot_boost_2k
14,22984.26942118515,23513.088335323268,6596.85388423703,10000.0,78444.23182331494,12984.269421185147,jackpot_boost_2k
15,22979.581172539572,23863.623410555185,6595.916234507915,10000.0,80964.27335079141,12979.581172539572,jackpot_boost_2k
16,22969.34857075067,23094.68937206995,4993.869714150133,2000.0,77845.062835322,20969.34857075067,jackpot_boost_2k
17,22994.279052050853,23492.894294402286,6598.855810410172,10000.0,80747.5917825604,12994.279052050857,jackpot_boost_2k
18,22989.042638426505,22716.139187994173,4997.808527685302,2000.0,78022.68670530742,20989.042638426505,jackpot_boost_2k
19,22964.235184254154,23433.893919001333,6592.8470368508315,10000.0,80960.18093370942,12964.235184254156,jackpot_boost_2k
20,22978.14719973679,23023.605316922618,4995.629439947358,2000.0,77919.09337657623,20978.14719973679,jackpot_boost_2k
21,22977.893671995054,24110.68423019277,6595.578734399011,10000.0,80190.7240839795,12977.893671995054,jackpot_boost_2k
22,22987.129685600754,24101.387177044147,6597.425937120151,10000.0,82479.04065541596,12987.129685600752,jackpot_boost_2k
23,22971.004982915823,23074.6404827469,4994.200996583165,2000.0,79381.2041590017,20971.004982915823,jackpot_boost_2k
24,22976.925638618228,24426.94107126249,6595.385127723645,10000.0,81335.80359863379,12976.925638618228,jackpot_boost_2k
25,22970.553622531443,23223.754575258015,4994.1107245062885,2000.0,78088.49192140093,20970.553622531443,jackpot_boost_2k
26,23002.537493188538,23306.228592777967,6600.507498637708,10000.0,81184.2933231738,13002.53749318854,jackpot_boost_2k
27,22971.750426571485,23178.792152557624,4994.350085314297,2000.0,77982.90151187337,20971.750426571485,jackpot_boost_2k
28,22973.957479112247,23931.997123020225,6594.791495822449,10000.0,80430.07037214295,12973.957479112245,jackpot_boost_2k
29,22980.356315004807,24275.80118893242,6596.071263000961,10000.0,82538.55423521437,12980.356315004807,jackpot_boost_2k
30,22996.352553286157,23071.536088850695,4999.270510657232,2000.0,79464.10018899258,20996.352553286157,jackpot_boost_2k
31,22975.14905149765,24111.10867170295,6595.029810299529,10000.0,81733.11075848776,12975.149051497647,jackpot_boost_2k
32,22992.099848138972,22911.87356813689,4998.419969627795,2000.0,78814.91706886205,20992.099848138972,jackpot_boost_2k
33,22976.555114692503,23817.307259220754,6595.311022938501,10000.0,81378.85390139531,12976.555114692503,jackpot_boost_2k
34,22994.92507037745,23045.45801792585,4998.98501407549,2000.0,78329.33593977141,20994.92507037745,jackpot_boost_2k
35,22998.542723396018,23240.42849145506,6599.708544679204,10000.0,81487.74162703316,12998.542723396016,jackpot_boost_2k
36,22999.424050981455,24097.084335086736,6599.884810196291,10000.0,83790.1965327316,12999.424050981455,jackpot_boost_2k
37,22996.709411943648,23124.29438501538,4999.3418823887305,2000.0,80663.26967727112,20996.709411943648,jackpot_boost_2k
38,23002.195381323552,24339.210050257407,6600.439076264711,10000.0,82725.81593207257,13002.195381323554,jackpot_boost_2k
39,22991.483156730414,23471.733599763713,4998.296631346083,2000.0,79247.26885769318,20991.483156730414,jackpot_boost_2k
40,22962.939041556107,23771.149895547744,6592.587808311221,10000.0,81846.47019539033,12962.939041556107,jackpot_boost_2k
41,22985.363952498396,23015.24037956283,4997.072790499678,2000.0,78819.5209778262,20985.363952498396,jackpot_boost_2k
42,22981.456097526992,24087.468775542173,6596.2912195054,10000.0,81117.21708030562,12981.456097526996,jackpot_boost_2k
43,22983.51755331293,24137.398008739074,6596.703510662586,10000.0,83366.6331142169,12983.517553312931,jackpot_boost_2k
44,22984.848609029137,23235.702941887288,4996.969721805827,2000.0,80118.80905955292,20984.848609029137,jackpot_boost_2k
45,22989.86835309484,24009.183818558413,6597.973670618968,10000.0,82501.51992347038,12989.868353094836,jackpot_boost_2k
46,22985.070037339687,23630.06671136461,4997.0140074679375,2000.0,78859.50924197752,20985.070037339687,jackpot_boost_2k
47,22986.243311857317,23807.794616777614,6597.248662371464,10000.0,81440.70927468575,12986.243311857317,jackpot_boost_2k
48,23008.40378119154,22952.223888660938,5001.680756238307,2000.0,78495.20841097806,21008.40378119154,jackpot_boost_2k
49,23002.683732339625,23446.18618220421,6600.536746467926,10000.0,81451.16921464553,13002.683732339625,jackpot_boost_2k
50,22986.286979871235,24645.044966145153,6597.257395974248,10000.0,83195.15383239737,12986.286979871236,jackpot_boost_2k
51,22976.45107151783,23210.47986013257,4995.290214303566,2000.0,79965.83482947906,20976.45107151783,jackpot_boost_2k
52,22976.558885478393,24741.454945784477,6595.311777095678,10000.0,81605.6269920773,12976.558885478393,jackpot_boost_2k
53,23000.24259849573,23125.09298464304,5000.048519699146,2000.0,78480.72808623084,21000.24259849573,jackpot_boost_2k
54,22987.991112621105,24281.48900847084,6597.5982225242215,10000.0,80589.63196785688,12987.991112621105,jackpot_boost_2k
55,22974.14113560571,22658.487124115043,4994.828227121143,2000.0,77910.45775222642,20974.14113560571,jackpot_boost_2k
56,22998.51136872743,24154.15108760259,6599.702273745486,10000.0,80155.11575960576,12998.511368727432,jackpot_boost_2k
57,22980.59689360303,24390.304579233034,6596.119378720607,10000.0,82149.28869525516,12980.596893603033,jackpot_boost_2k
58,22975.538980450627,23023.07268050783,4995.107796090126,2000.0,79106.64719910783,20975.538980450627,jackpot_boost_2k
59,22976.305002509675,23467.482307605824,6595.261000501935,10000.0,82020.20889350974,12976.305002509676,jackpot_boost_2k
60,22978.971079800544,22720.898207840954,4995.794215960109,2000.0,79282.48754950923,20978.971079800544,jackpot_boost_2k
61,22973.15281526926,23821.072240129462,6594.630563053852,10000.0,81839.93756159516,12973.152815269257,jackpot_boost_2k
62,22980.677900586456,23159.768229249275,4996.135580117291,2000.0,78664.71165281505,20980.677900586456,jackpot_boost_2k
63,22982.532355596522,23715.18567433034,6596.506471119305,10000.0,81335.55186296193,12982.532355596522,jackpot_boost_2k
64,22999.814486702435,24445.672158006964,6599.962897340488,10000.0,83289.73129431691,12999.814486702435,jackpot_boost_2k
65,22996.006716582197,23577.445569483498,4999.201343316439,2000.0,79709.09109809918,20996.006716582197,jackpot_boost_2k
66,22979.880112040613,23880.883707553745,6595.976022408123,10000.0,82212.1114801779,12979.880112040613,jackpot_boost_2k
67,22991.677541616846,22860.16732840972,4998.335508323369,2000.0,79345.28618506166,20991.677541616846,jackpot_boost_2k
68,22986.817771783964,23768.802426036906,6597.3635543567925,10000.0,81965.93797645194,12986.817771783964,jackpot_boost_2k
69,22992.669087120306,23435.14759369695,4998.5338174240605,2000.0,78524.92565245122,20992.669087120306,jackpot_boost_2k
70,22976.26353065741,23530.308707514436,6595.252706131481,10000.0,81375.62776946272,12976.263530657407,jackpot_boost_2k
71,22982.37732541581,24500.422559105362,6596.475465083162,10000.0,83261.10707068999,12982.377325415811,jackpot_boost_2k
72,22981.633462401212,22815.273954260156,4996.326692480242,2000.0,80431.13988635081,20981.633462401212,jackpot_boost_2k
73,22976.12744756465,24166.16753905693,6595.225489512931,10000.0,82645.8743053456,12976.12744756465,jackpot_boost_2k
74,22985.121906106466,23144.18582890007,4997.024381221294,2000.0,79489.7860013307,20985.121906106466,jackpot_boost_2k
75,22995.31714965437,23975.75761516098,6599.063429930874,10000.0,81910.28210589322,12995.317149654367,jackpot_boost_2k
76,22964.77650619827,23200.97812259539,4992.955301239655,2000.0,78681.12518825644,20964.77650619827,jackpot_boost_2k
77,23002.63993641867,23699.184268376022,6600.527987283734,10000.0,81384.05286901534,13002.639936418667,jackpot_boost_2k
78,22970.02751718852,24404.651148887937,6594.005503437704,10000.0,83355.42373387823,12970.027517188517,jackpot_boost_2k
79,22981.751271764835,23639.21777990844,4996.350254352968,2000.0,79701.60697138167,20981.751271764835,jackpot_boost_2k
80,22980.344593272323,24228.84907451511,6596.068918654465,10000.0,81857.0335714844,12980.34459327232,jackpot_boost_2k
81,23002.486139605648,23404.906462097857,5000.49722792113,2000.0,78454.11602107107,21002.486139605648,jackpot_boost_2k
82,22981.448439601787,23851.30241688618,6596.289687920358,10000.0,80987.97235586631,12981.448439601787,jackpot_boost_2k
83,22992.715371510407,23119.40308788855,4998.543074302082,2000.0,77862.74156518608,20992.715371510407,jackpot_boost_2k
84,22977.01236244683,23822.51543243986,6595.402472489366,10000.0,80421.83602270369,12977.012362446827,jackpot_boost_2k
85,23003.972233925837,23783.241401570584,6600.794446785168,10000.0,83041.77240827377,13003.972233925839,jackpot_boost_2k
86,22984.097888223434,23274.004084055658,4996.819577644687,2000.0,79755.04663479686,20984.097888223434,jackpot_boost_2k
87,22979.178635923676,23845.73546270478,6595.835727184735,10000.0,82292.65408083102,12979.178635923676,jackpot_boost_2k
88,22986.246126517643,23122.96872226096,4997.249225303529,2000.0,79158.68225978418,20986.246126517643,jackpot_boost_2k
89,22980.51139159481,23817.70546313827,6596.102278318962,10000.0,81725.38590992175,12980.511391594806,jackpot_boost_2k
90,22989.03499808485,23210.05097833583,4997.806999616971,2000.0,78506.5629300538,20989.03499808485,jackpot_boost_2k
91,22984.571010021536,24309.427278610736,6596.914202004308,10000.0,80584.79245946031,12984.571010021538,jackpot_boost_2k
92,22977.908982305624,24406.58178633993,6595.581796461125,10000.0,82560.53785896486,12977.908982305622,jackpot_boost_2k
93,22984.694424697598,23084.014259458145,4996.93888493952,2000.0,79464.2791392648,20984.694424697598,jackpot_boost_2k
94,22977.114637762414,23795.445076069012,6595.422927552483,10000.0,82050.52577340571,12977.114637762414,jackpot_boost_2k
95,22983.28988996304,23292.517300891584,4996.657977992608,2000.0,78744.64038448456,20983.28988996304,jackpot_boost_2k
96,22975.411885370202,23898.634434326606,6595.082377074041,10000.0,81226.33545845412,12975.4118853702,jackpot_boost_2k
97,22984.96532806287,22897.435320635384,4996.993065612574,2000.0,78316.87240026903,20984.96532806287,jackpot_boost_2k
98,23001.57955593571,23907.465158511983,6600.315911187142,10000.0,80810.67088650561,13001.57955593571,jackpot_boost_2k
99,22986.297720006904,23879.33030085519,6597.259544001381,10000.0,83320.37876165594,12986.297720006904,jackpot_boost_2k
100,22974.81942603299,23809.37399442601,4994.963885206599,2000.0,79490.86030805632,20974.81942603299,jackpot_boost_2k
101,22969.220135965632,24001.652084096626,6593.844027193126,10000.0,81864.5843327322,12969.22013596563,jackpot_boost_2k
102,22968.181217905472,22746.362261611343,4993.636243581095,2000.0,79092.76704544523,20968.181217905472,jackpot_boost_2k
103,22985.729338501493,24018.013574850138,6597.145867700299,10000.0,81463.3369413963,12985.729338501495,jackpot_boost_2k
104,22970.897110797887,23572.084048960493,4994.1794221595765,2000.0,77867.9705810741,20970.897110797887,jackpot_boost_2k
1,22863.976089929885,5541.414857290894,6172.795217985978,8210.239494176041,19149.76601465301,14653.736595753842,loyalty_rebate_2pct
2,22857.857532494,8396.274406770486,4571.571506498801,210.40215194102012,29039.777633877726,22647.45538055298,loyalty_rebate_2pct
3,22868.30388312744,11886.532280813257,6173.660776625489,8210.247905669663,41847.88845956642,14658.055977457778,loyalty_rebate_2pct
4,22867.407958628588,13494.58229697519,4573.481591725718,210.40494916225137,46647.2325294941,22657.003009466334,loyalty_rebate_2pct
5,22872.121485363037,16212.311247476362,6174.424297072608,8210.421858812697,55132.61847030817,14661.699626550339,loyalty_rebate_2pct
6,22871.529883008592,16501.379536402972,4574.305976601719,210.35012016599597,56928.46284031207,22661.179762842596,loyalty_rebate_2pct
7,22853.471639252177,18448.641351464204,6170.694327850436,8210.259130804716,63162.59880024961,14643.212508447463,loyalty_rebate_2pct
8,22855.516622848285,19860.023382783613,6171.103324569657,8210.238171690662,67986.98871574462,14645.278451157625,loyalty_rebate_2pct
9,22881.194007133465,19583.29173265269,4576.238801426693,210.50288302505774,66708.6521887987,22670.69112410841,loyalty_rebate_2pct
10,22864.351087483134,21169.58046455847,6172.870217496627,8210.364334794507,70230.55259422673,14653.986752688626,loyalty_rebate_2pct
11,22880.270783258085,19958.824759992604,4576.054156651617,210.37042374449354,68575.9444608406,22669.90035951359,loyalty_rebate_2pct
12,22841.808181473538,20555.248650817382,6168.361636294708,8210.17027337203,72694.14235520204,14631.637908101506,loyalty_rebate_2pct
13,22863.059462565416,20500.009867685927,4572.611892513083,210.25976581342283,70484.58005756846,22652.799696751994,loyalty_rebate_2pct
14,22872.082503542137,21434.312348888205,6174.4165007084275,8210.38297430624,73747.93371151395,14661.699529235897,loyalty_rebate_2pct
15,22876.516051717826,22275.847105551016,6175.303210343566,8210.376152791332,76173.29944733721,14666.139898926494,loyalty_rebate_2pct
16,22840.228403439123,21336.704809233022,4568.045680687826,210.37505048240087,73108.77736085549,22629.853352956725,loyalty_rebate_2pct
17,22858.780418973965,22205.806075492317,6171.756083794793,8210.247220221181,75589.99562054234,14648.533198752782,loyalty_rebate_2pct
18,22862.31485647784,21269.96638659823,4572.462971295568,210.3344772623317,72609.88111912638,22651.980379215507,loyalty_rebate_2pct
19,22867.721018401713,22095.94222708033,6173.544203680343,8210.357742407614,75208.1157067674,14657.3632759941,loyalty_rebate_2pct
20,22867.4532749285,21284.976499323395,4573.4906549857,210.27414089994036,72217.10182738682,22657.17913402856,loyalty_rebate_2pct
21,22866.63132431096,22022.48836655716,6173.326264862193,8210.463313147664,74887.91852027843,14656.168011163298,loyalty_rebate_2pct
22,22847.697483083175,22039.926167756705,6169.539496616634,8210.421893037357,77526.15033898826,14637.275590045818,loyalty_rebate_2pct
23,22851.729732993677,21745.36113564997,4570.345946598735,210.40600499133652,74062.17298973323,22641.32372800234,loyalty_rebate_2pct
24,22870.858403008217,22236.583438499314,6174.171680601643,8210.264011579053,76522.27627364048,14660.594391429162,loyalty_rebate_2pct
25,22858.118792603556,21114.715112356345,4571.623758520711,210.30169611747854,73694.05619536698,22647.817096486076,loyalty_rebate_2pct
26,22841.460970115917,22111.857381182563,6168.2921940231845,8210.383022093456,76255.36759027715,14631.077948022465,loyalty_rebate_2pct
27,22856.147259876896,21334.443347947945,4571.2294519753805,210.34866272620974,73205.84205023073,22645.798597150686,loyalty_rebate_2pct
28,22857.458734591823,22323.976403650715,6171.491746918365,8210.346195731056,75567.83263425347,14647.112538860769,loyalty_rebate_2pct
29,22850.501943604344,22117.95633539142,6170.100388720869,8210.343876411876,78130.27785374552,14640.158067192466,loyalty_rebate_2pct
30,22851.63900119873,21747.92668714381,4570.3278002397465,210.38442300568545,74663.66236756068,22641.254578193046,loyalty_rebate_2pct
31,22858.093168374246,22322.69036935456,6171.618633674849,8210.383155713696,77027.44653290552,14647.710012660546,loyalty_rebate_2pct
32,22871.234740448603,21427.196304204554,4574.24694808972,210.42716200729652,73897.23802105985,22660.807578441305,loyalty_rebate_2pct
33,22848.219044391088,22046.506373699074,6169.643808878218,8210.055478441484,76529.30688287364,14638.163565949604,loyalty_rebate_2pct
34,22866.55290282365,21668.30042380002,4573.31058056473,210.36061946251996,73154.24878133254,22656.192283361128,loyalty_rebate_2pct
35,22868.30807204334,22093.900787287712,6173.661614408669,8210.318175515651,75754.9944516795,14657.98989652769,loyalty_rebate_2pct
36,22862.08917071996,22590.692383936446,6172.417834143993,8210.334650889185,77853.97340431901,14651.754519830776,loyalty_rebate_2pct
37,22857.604282930402,21661.36115664046,4571.520856586081,210.4255155147326,74478.69567402288,22647.178767415673,loyalty_rebate_2pct
38,22860.6188969132,22093.37198662013,6172.12377938264,8210.350550072793,77073.81880493331,14650.268346840408,loyalty_rebate_2pct
39,22854.57323241145,21258.910716721177,4570.914646482291,210.13039117740232,74098.5666741413,22644.442841234046,loyalty_rebate_2pct
40,22838.33322926608,22417.89465636202,6167.666645853216,8210.222575962578,76351.33860119214,14628.110653303502,loyalty_rebate_2pct
41,22861.765971248235,21294.75753820417,4572.3531942496475,210.20684400811894,73345.99383998656,22651.559127240118,loyalty_rebate_2pct
42,22851.566287173988,22190.560156949585,6170.313257434797,8210.115225072099,75836.68671277617,14641.451062101887,loyalty_rebate_2pct
43,22863.26878786347,22477.536755464003,6172.653757572694,8210.26744744117,78049.76498760295,14653.001340422303,loyalty_rebate_2pct
44,22863.013523252423,21762.846073026005,4572.602704650485,210.45844442870012,74577.32973317886,22652.555078823723,loyalty_rebate_2pct
45,22865.049656501797,22338.414773307875,6173.00993130036,8210.426739988794,76930.95468507244,14654.622916513003,loyalty_rebate_2pct
46,22861.98183474323,22047.556118630917,4572.396366948647,210.32958561012782,73172.9840342361,22651.6522491331,loyalty_rebate_2pct
47,22868.02424116096,22361.865100997995,6173.604848232193,8210.408295635103,75505.53832616689,14657.61594552586,loyalty_rebate_2pct
48,22871.002158843596,21298.799636666234,4574.200431768719,210.2052211439389,72503.54041657552,22660.79693769965,loyalty_rebate_2pct
49,22869.94179458963,22179.29046255624,6173.988358917926,8210.458331190257,75020.20338969099,14659.483463399372,loyalty_rebate_2pct
50,22871.891371617294,22093.508649110474,6174.378274323459,8210.354339370073,77624.20783787433,14661.53703224722,loyalty_rebate_2pct
51,22848.505254183277,21305.379106116157,4569.701050836656,210.35009805163298,74597.6329351048,22638.155156131645,loyalty_rebate_2pct
52,22853.376023289624,22245.852464309748,6170.675204657925,8210.27383224833,77034.48128942675,14643.102191041295,loyalty_rebate_2pct
53,22844.272900227745,21552.427077588945,4568.8545800455495,210.26434735791221,73757.47253202001,22634.00855286983,loyalty_rebate_2pct
54,22860.614745813837,22603.18821112288,6172.122949162767,8210.446725797594,75842.77611754819,14650.16802001624,loyalty_rebate_2pct
55,22850.595036825966,21377.235562130045,4570.119007365193,210.3941712401103,72746.01658487892,22640.200865585855,loyalty_rebate_2pct
56,22869.46566710582,22097.290596427723,6173.893133421164,8210.167938625778,75344.29852213584,14659.297728480042,loyalty_rebate_2pct
57,22874.630937074693,22321.394325552978,6174.92618741494,8210.395853678343,77722.60894624263,14664.235083396354,loyalty_rebate_2pct
58,22871.886100311003,21869.933355176046,4574.377220062201,210.33591239338776,74150.18447131538,22661.550187917615,loyalty_rebate_2pct
59,22853.320921676222,22301.477680201006,6170.6641843352445,8210.143858742533,76531.36352845535,14643.17706293369,loyalty_rebate_2pct
60,22855.929999324395,21334.881058965806,4571.185999864879,210.35479359351274,73481.22646894907,22645.575205730886,loyalty_rebate_2pct
61,22858.672107387123,22162.415488833085,6171.734421477425,8210.388430557752,76005.74866602567,14648.283676829371,loyalty_rebate_2pct
62,22851.464337667276,21316.57194227039,4570.292867533456,210.1683376518694,72970.3481938891,22641.29600001541,loyalty_rebate_2pct
63,22863.437387171034,21716.209535996742,6172.687477434208,8210.326945209237,75944.88856762918,14653.110441961799,loyalty_rebate_2pct
64,22874.096305391067,22621.31789517101,6174.8192610782135,8210.408567381479,78022.84771677104,14663.687738009587,loyalty_rebate_2pct
65,22858.60908139357,21598.88015537507,4571.721816278714,210.4051330148573,74710.85482651081,22648.203948378712,loyalty_rebate_2pct
66,22852.965598073843,22564.414811083665,6170.593119614769,8210.206686845864,76828.81249388623,14642.75891122798,loyalty_rebate_2pct
67,22841.901536314348,21551.133039416236,4568.38030726287,210.16339997201857,73551.20068352149,22631.73813634233,loyalty_rebate_2pct
68,22857.0589703338,22138.74128003691,6171.41179406676,8210.298146333134,76098.1065797516,14646.760824000665,loyalty_rebate_2pct
69,22859.944522953014,21058.42555701905,4571.988904590604,210.2641101312215,73327.63664109497,22649.680412821795,loyalty_rebate_2pct
70,22850.997523415717,21670.581674046432,6170.199504683144,8210.333138262618,76337.85298578111,14640.664385153099,loyalty_rebate_2pct
71,22871.37126560722,22886.559007121752,6174.274253121444,8210.382323806982,78148.39099114513,14660.988941800235,loyalty_rebate_2pct
72,22850.78168023828,21698.882557710742,4570.156336047657,210.31369219403356,74730.13377762501,22640.467988044245,loyalty_rebate_2pct
73,22856.29837499631,22457.721469041924,6171.259674999263,8210.269397595423,76957.45100858013,14646.028977400885,loyalty_rebate_2pct
74,22856.27511466151,21450.231671321373,4571.2550229323015,210.32178736830235,73792.23942898796,22645.953327293206,loyalty_rebate_2pct
75,22861.376476739788,22001.370425983387,6172.275295347958,8210.301294472356,76479.9701843964,14651.075182267432,loyalty_rebate_2pct
76,22867.41768154272,21299.46960627178,4573.483536308544,210.27426593024322,73474.43472335879,22657.143415612478,loyalty_rebate_2pct
77,22836.666607855313,21858.03696044382,6167.333321571064,8210.182771352269,76285.73104919922,14626.483836503046,loyalty_rebate_2pct
78,22848.75894527965,22652.09245372392,6169.75178905593,8210.349740044996,78312.64575169903,14638.409205234657,loyalty_rebate_2pct
79,22844.844857937354,21919.590368890396,4568.968971587471,210.268328461287,74668.93126915851,22634.576529476068,loyalty_rebate_2pct
80,22858.173594340373,22309.68281645596,6171.634718868075,8210.217238489475,77045.78732817486,14647.956355850896,loyalty_rebate_2pct
81,22868.498973817845,21600.02295832346,4573.699794763569,210.3780347828313,73740.56354890567,22658.12093903501,loyalty_rebate_2pct
82,22856.931482536886,22496.94650656582,6171.386296507378,8210.323213423677,75929.16222836936,14646.608269113209,loyalty_rebate_2pct
83,22852.566115065103,21556.78349645733,4570.513223013021,210.20932507801234,72654.4316239641,22642.35678998709,loyalty_rebate_2pct
84,22847.718047386676,22493.724434580232,6169.543609477336,8210.335536111064,74838.88162729322,14637.38251127561,loyalty_rebate_2pct
85,22862.29556900094,22663.651600771318,6172.459113800189,8210.4226327487,76865.06648172265,14651.87293625224,loyalty_rebate_2pct
86,22843.430981804915,21811.537803153144,4568.686196360983,210.20734794275677,73328.27346401344,22633.223633862155,loyalty_rebate_2pct
87,22856.89903418366,22359.467825893156,6171.379806836732,8210.182248028805,75654.3248654672,14646.716786154857,loyalty_rebate_2pct
88,22859.756110590424,21315.06626931824,4571.951222118085,210.29547326595824,72627.06348462132,22649.460637324464,loyalty_rebate_2pct
89,22862.690001278803,21947.301545096096,6172.53800025576,8210.34764944047,75369.91394054826,14652.342351838332,loyalty_rebate_2pct
90,22844.339596485934,21206.28182897651,4568.867919297188,210.29270589551686,72439.1037887605,22634.04689059042,loyalty_rebate_2pct
91,22869.40246480257,21979.822204208594,6173.880492960515,8210.287209606406,75154.80355639396,14659.115255196166,loyalty_rebate_2pct
92,22843.256893698755,22617.529866979214,6168.651378739752,8210.155175271848,77211.87920437375,14633.101718426908,loyalty_rebate_2pct
93,22855.693451634223,21552.573603003144,4571.138690326844,210.24053887628816,73943.86036267798,22645.45291275793,loyalty_rebate_2pct
94,22840.811933995843,22084.666150331333,6168.162386799168,8210.210818249869,76531.84375954332,14630.601115745972,loyalty_rebate_2pct
95,22843.457895097854,21374.804469231884,4568.691579019571,210.10087654840274,73431.80560638971,22633.35701854945,loyalty_rebate_2pct
96,22858.603910532867,21741.24955584493,6171.720782106574,8210.349796157469,76377.43917897108,14648.254114375397,loyalty_rebate_2pct
97,22863.614173869308,21508.55079434616,4572.722834773862,210.22582040932696,73159.77972372038,22653.38835345998,loyalty_rebate_2pct
98,22857.818899860205,21840.69379247449,6171.563779972042,8210.32674211631,76005.34105113405,14647.492157743898,loyalty_rebate_2pct
99,22866.64488834026,22761.01976782328,6173.328977668052,8210.436551215324,77937.63719398297,14656.208337124937,loyalty_rebate_2pct
100,22877.614001277907,22070.029965171576,4575.522800255581,210.2098661287244,74169.69842983372,22667.404135149183,loyalty_rebate_2pct
101,22850.0408876918,21986.506251867293,6170.0081775383605,8210.265626761335,76863.22488811986,14639.775260930468,loyalty_rebate_2pct
102,22859.954041167937,21690.113708952766,4571.990808233587,210.3702757705043,73461.07441210144,22649.583765397434,loyalty_rebate_2pct
103,22842.703602330024,22160.962010729254,6168.540720466006,8210.14540084539,75974.27528323622,14632.558201484637,loyalty_rebate_2pct
104,22872.354318557147,21282.23144553361,4574.470863711429,210.48395457656775,72989.92729254831,22661.870363980575,loyalty_rebate_2pct
1,22812.578214945428,5525.292287447852,6162.515642989086,8252.229349403307,19124.77028450849,14560.348865542119,multiplier_rewards
2,22805.12654286406,8395.684783516384,4561.025308572813,383.7823499342587,28973.186735283358,22421.344192929806,multiplier_rewards
3,22814.798694977337,11971.22672952178,6162.959738995467,8546.233387135402,41653.79896174344,14268.565307841935,multiplier_rewards
4,22805.112995056134,13382.88956995058,4561.022599011227,610.83255259551,46514.999787837776,22194.280442460622,multiplier_rewards
5,22807.954717474666,16362.010894396859,6161.5909434949335,8747.349736080754,54799.352667420644,14060.60498139391,multiplier_rewards
6,22793.359184966997,16415.10662617142,4558.671836993399,748.9377590360981,56618.933389222824,22044.421425930897,multiplier_rewards
7,22798.41058744721,18207.734667988527,6159.682117489443,8831.673792070114,63049.92719119206,13966.736795377097,multiplier_rewards
8,22811.060003991057,19726.41914463064,6162.212000798211,8900.714760058476,67972.35604975426,13910.34524393258,multiplier_rewards
9,22806.742421889114,19532.39056037483,4561.348484377822,891.211954945453,66685.35942689072,21915.530466943663,multiplier_rewards
10,22806.583380971522,20806.508378116625,6161.316676194305,8950.53160563637,70524.11775355131,13856.05177533515,multiplier_rewards
11,22826.69180244779,19940.524941676536,4565.338360489558,910.2736558282968,68844.94625383301,21916.41814661949,multiplier_rewards
12,22794.39129997781,20602.156129259612,6158.878259995563,8940.649860946429,72878.30316455563,13853.741439031382,multiplier_rewards
13,22786.597556311368,20643.83514988365,4557.319511262273,943.1797977126789,70463.74605972109,21843.417758598687,multiplier_rewards
14,22821.85862478627,21488.856042453037,6164.371724957254,8981.11236066487,73632.37691709706,13840.746264121397,multiplier_rewards
15,22815.510083188172,22268.420282672494,6163.102016637635,9016.833619207035,76016.3647009751,13798.676463981137,multiplier_rewards
16,22803.06410498317,21243.06114622499,4560.612820996634,970.4192208571218,73015.75483873666,21832.64488412605,multiplier_rewards
17,22802.631015453713,21824.781442661344,6160.526203090743,8997.236863769638,75833.07820843828,13805.394151684077,multiplier_rewards
18,22820.849375970436,21334.521534426407,4564.169875194087,973.5784363195651,72755.23617478822,21847.270939650865,multiplier_rewards
19,22812.7896876527,21949.041364894816,6162.55793753054,9002.162519158443,75456.42656001556,13810.627168494255,multiplier_rewards
20,22819.43991062316,21321.4969578566,4563.887982124632,972.7601038863778,72390.48153065749,21846.679806736785,multiplier_rewards
21,22798.24455981213,22304.470652623306,6159.648911962427,9018.70138777611,74724.60652588388,13779.543172036021,multiplier_rewards
22,22792.38150956738,21897.901266721794,6158.476301913476,8999.633601447475,77460.610466816,13792.747908119905,multiplier_rewards
23,22788.199969007997,21745.07398460445,4557.6399938016,993.1784798889116,73946.09645741795,21795.021489119088,multiplier_rewards
24,22817.117307943576,22275.1320879379,6163.423461588715,9016.967283667667,76324.6582158349,13800.150024275907,multiplier_rewards
25,22822.325395063766,21063.790439740787,4564.465079012753,961.3159158225833,73518.72809214513,21861.00947924118,multiplier_rewards
26,22790.34411707734,22059.78125360742,6158.068823415469,9008.477552974835,76091.22213219957,13781.866564102504,multiplier_rewards
27,22795.215739051528,21270.586628232886,4559.043147810306,971.5405675248965,73056.80809520792,21823.675171526633,multiplier_rewards
28,22803.552082775637,22227.549204159033,6160.710416555128,9014.635365472619,75472.1005572694,13788.91671730302,multiplier_rewards
29,22797.751090274254,22514.874065087603,6159.550218054852,9028.344342497892,77595.42736440118,13769.406747776366,multiplier_rewards
30,22812.38773897892,21968.88551756415,4562.477547795784,1003.4032312784709,73876.45203802017,21808.984507700447,multiplier_rewards
31,22788.393350497154,22118.609041355438,6157.678670099432,9010.173840045614,76388.55767706246,13778.219510451538,multiplier_rewards
32,22806.267013389093,21101.081649170286,4561.253402677819,963.8811618573243,73532.48963860345,21842.38585153177,multiplier_rewards
33,22794.491034365055,21792.99843030729,6158.898206873011,8995.568508872775,76375.08403578821,13798.922525492279,multiplier_rewards
34,22808.737997128694,21428.973711384933,4561.747599425739,978.8551101677313,73193.10072210623,21829.882886960964,multiplier_rewards
35,22804.493968430565,21868.400020171684,6160.898793686112,8998.80129392126,75968.29587667898,13805.692674509302,multiplier_rewards
36,22805.722236569043,22554.288132482034,6161.144447313809,9029.703337801968,78058.58553345219,13776.018898767075,multiplier_rewards
37,22809.94461718863,21898.905312234594,4561.988923437726,999.9426477619651,74407.6359149685,21810.001969426663,multiplier_rewards
38,22802.499856016268,21847.834392787325,6160.499971203253,8997.681234844913,77201.8014069942,13804.818621171353,multiplier_rewards
39,22820.311616689778,21514.841898955234,4564.062323337956,981.6563663694657,73943.20880139078,21838.655250320313,multiplier_rewards
40,22789.277134788692,22257.70309552752,6157.855426957739,9017.27824963154,76316.92741369421,13771.998885157152,multiplier_rewards
41,22807.273972548883,21390.657095960996,4561.454794509777,976.653544858725,73172.08949577232,21830.620427690155,multiplier_rewards
42,22812.18483218148,22026.42980968538,6162.436966436296,9006.837956779733,75795.40755183212,13805.346875401747,multiplier_rewards
43,22837.340609032308,22341.497785586238,6167.468121806462,9019.585382496289,78123.78225347173,13817.75522653602,multiplier_rewards
44,22792.5460719232,21940.019713568432,4558.5092143846405,1002.7183745797784,74417.79939744186,21789.827697343422,multiplier_rewards
45,22808.21401671389,22053.89535878268,6161.642803342778,9007.267450164143,77010.4752520303,13800.946566549746,multiplier_rewards
46,22809.418839989892,21451.469092592084,4561.883767997978,980.3787574498434,73806.54123143012,21829.04008254005,multiplier_rewards
47,22804.820459818187,21952.150057640098,6160.964091963639,9003.225663419818,76498.24754164457,13801.59479639837,multiplier_rewards
48,22804.999779915874,21424.52613849895,4560.999955983175,977.327772768058,73317.72122707832,21827.672007147816,multiplier_rewards
49,22790.65707037992,21967.78920667701,6158.131414075985,9003.078323701044,75982.45767670523,13787.578746678875,multiplier_rewards
50,22806.185733994975,22804.284200321865,6161.237146798995,9040.785963165326,77823.12206357937,13765.39977082965,multiplier_rewards
51,22794.790209013416,21259.17358316931,4558.958041802683,971.0064882560099,74799.78064762078,21823.783720757405,multiplier_rewards
52,22792.534153182452,22165.170723002146,6158.50683063649,9011.975513823276,77268.63724716459,13780.558639359173,multiplier_rewards
53,22791.79456439967,21248.522144507464,4558.358912879935,970.5256653028621,74253.55075417687,21821.26889909681,multiplier_rewards
54,22805.479436480786,22600.871543355355,6161.095887296158,9032.630753244146,76297.06276000614,13772.848683236642,multiplier_rewards
55,22795.417755265385,21079.560247791727,4559.083551053077,963.7403823309746,73453.83671642671,21831.67737293441,multiplier_rewards
56,22805.241157115033,22545.974179297125,6161.048231423008,9029.682891846467,75552.05546282162,13775.558265268568,multiplier_rewards
57,22802.584924981205,22611.989719661487,6160.516984996241,9032.053156382275,77582.13368314509,13770.531768598932,multiplier_rewards
58,22816.027410218325,21277.13019167214,4563.205482043665,971.1729787061431,74557.82541964762,21844.85443151218,multiplier_rewards
59,22816.28807200459,22538.29901047348,6163.257614400919,9028.674404644085,76672.55686677781,13787.613667360505,multiplier_rewards
60,22809.1525619643,21674.005555414038,4561.83051239286,990.0624976240902,73245.87336093519,21819.090064340213,multiplier_rewards
61,22813.01483143366,21907.615500126296,6162.602966286732,9000.76588495454,75988.66972595583,13812.24894647912,multiplier_rewards
62,22808.966648379053,21411.90128645226,4561.793329675811,977.2587479447001,72823.94175820681,21831.707900434354,multiplier_rewards
63,22808.183763871984,21717.447574753598,6161.636752774397,8992.34754726084,75753.0411945508,13815.836216611142,multiplier_rewards
64,22802.62510373741,22738.0098355671,6160.525020747482,9038.267471180508,77657.13144197363,13764.357632556903,multiplier_rewards
65,22804.138684708134,21976.42363149567,4560.827736941627,1003.731580546858,73924.01875824446,21800.407104161273,multiplier_rewards
66,22816.74245391262,22066.64522766039,6163.348490782523,9007.7298181991,76510.76749371417,13809.012635713518,multiplier_rewards
67,22825.341164494137,21610.657864267938,4565.068232898828,987.1901929195353,73160.38256104155,21838.1509715746,multiplier_rewards
68,22785.630331060653,22268.453121025836,6157.12606621213,9016.472176330595,75520.43370486423,13769.158154730056,multiplier_rewards
69,22815.918750040906,20802.399771071665,4563.183750008182,949.6922241990776,72970.76893382528,21866.22652584183,multiplier_rewards
70,22802.982249517336,21982.07718632118,6160.596449903468,9004.238710193731,75631.07754711798,13798.743539323606,multiplier_rewards
71,22813.836486581647,22651.834795867835,6162.76729731633,9033.543649236,77630.31194051546,13780.292837345645,multiplier_rewards
72,22810.82009664686,21346.553708167023,4562.1640193293715,974.7906745688557,74532.41430966592,21836.029422078,multiplier_rewards
73,22825.21832390951,22194.21313791945,6165.043664781903,9013.298163828864,76998.37583087408,13811.920160080645,multiplier_rewards
74,22788.99979661781,21474.991997753135,4557.799959323563,981.3356491508205,73754.58367041519,21807.664147466992,multiplier_rewards
75,22797.489411246548,22032.048899901252,6159.497882249309,9005.645131478714,76360.52629951118,13791.844279767834,multiplier_rewards
76,22808.233538480676,21079.371370041117,4561.646707696135,961.7349254899223,73527.7417602546,21846.498612990756,multiplier_rewards
77,22796.394554780723,21837.720971728155,6159.2789109561445,8996.454120580136,76327.13643235102,13799.940434200586,multiplier_rewards
78,22795.69870226027,22597.816614627667,6159.139740452054,9031.834943361211,78365.87877953157,13763.863758899057,multiplier_rewards
79,22820.49187879203,22025.542876277723,4564.098375758405,1004.8783115735359,74596.72940628747,21815.613567218494,multiplier_rewards
80,22809.056602145556,22391.85388690348,6161.811320429112,9022.654992365378,76852.12080110043,13786.401609780178,multiplier_rewards
81,22816.451807447127,21481.125572852463,4563.290361489427,980.749368805566,73624.15667420567,21835.70243864156,multiplier_rewards
82,22812.774408246714,22389.484630779465,6162.554881649343,9022.963145972,75884.89157002358,13789.811262274716,multiplier_rewards
83,22811.587923191993,21437.309179914,4562.317584638399,978.468675728692,72696.85272866317,21833.119247463303,multiplier_rewards
84,22794.479455149147,21964.109085090855,6158.89589102983,9003.456737726869,75368.32720769163,13791.022717422278,multiplier_rewards
85,22798.980642985087,22539.689794037884,6159.796128597018,9028.83039358727,77467.82192804183,13770.150249397817,multiplier_rewards
86,22821.484799932015,21769.260601205155,4564.296959986403,993.7893687358296,73955.74916678229,21827.69543119618,multiplier_rewards
87,22814.308398566638,22450.093420977064,6162.861679713327,9025.45702508647,76157.10246465853,13788.851373480167,multiplier_rewards
88,22810.97512182924,21135.752495772354,4562.1950243658475,964.067211621633,73270.13006634956,21846.907910207607,multiplier_rewards
89,22780.250855790324,22328.18269505561,6156.0501711580655,9020.105299031418,75566.14805592621,13760.14555675891,multiplier_rewards
90,22794.883206935814,21134.27014084733,4558.976641387163,965.1744467536754,72667.78448062754,21829.708760182137,multiplier_rewards
91,22822.58950913292,22018.118040805966,6164.5179018265835,9004.791852010107,75307.7380471279,13817.79765712281,multiplier_rewards
92,22787.468029748685,22867.406644633516,6157.493605949738,9044.584614090203,77070.30582629333,13742.883415658485,multiplier_rewards
93,22816.115744108116,21534.057911151638,4563.223148821623,983.8410063536144,73789.14051042819,21832.2747377545,multiplier_rewards
94,22814.545061639645,21911.393502630533,6162.909012327929,9000.353568897533,76529.38305710937,13814.191492742108,multiplier_rewards
95,22807.937253060234,21320.369543813693,4561.587450612047,974.3395386505503,73455.36331574386,21833.597714409683,multiplier_rewards
96,22821.41411665061,22332.5457992962,6164.2828233301225,9019.33278854358,75779.94880976816,13802.081328107028,multiplier_rewards
97,22813.170807667826,21485.34166818605,4562.634161533565,980.1659584625517,72545.14378771636,21833.004849205274,multiplier_rewards
98,22802.913111174417,22338.891865389152,6160.582622234883,9019.861019122223,74848.58241126675,13783.052092052194,multiplier_rewards
99,22801.157664179947,22771.099257123635,6160.23153283599,9039.34646987184,76718.40928548707,13761.81119430811,multiplier_rewards
100,22795.821005025027,21483.264420442065,4559.164201005005,980.5150396274073,73471.80166906503,21815.30596539762,multiplier_rewards
101,22796.070899686423,22074.347470775967,6159.214179937285,9008.486955367602,76034.31091803819,13787.583944318818,multiplier_rewards
102,22806.287310895535,21112.99953708053,4561.257462179107,964.5418820280325,73166.34122967409,21841.745428867504,multiplier_rewards
103,22815.0445178284,22026.749853542864,6163.008903565679,9006.405486627942,75791.62699039394,13808.639031200453,multiplier_rewards
104,22799.420059866847,20843.913390643804,4559.8840119733695,952.6469650710203,73187.2496476436,21846.773094795826,multiplier_rewards
